title,type,description,lon,lat,periods,minDate,maxDate,id,tags
Roman Villa at El Faro (Torrox),villa,"A Roman villa located at the modern lighthouse on Avenida del Faro, Torrox, 29770, Málaga in Spain.",-3.9576942,36.7266472,RLM,-30,2100,265896,"dare:major=0, dare:ancient=0, dare:feature=villa"
Fuente de las Piedras,villa,"An ancient place, cited: BAtlas 27 A4 Fuente de las Piedras",-4.425933,37.474391,RL,-30,640,265903,"dare:major=0, dare:ancient=0, dare:feature=villa"
Letrania,villa,"An ancient place, cited: BAtlas 27 B4 Letrania",-3.612398,37.786162,RL,-30,640,265948,"dare:major=0, dare:ancient=0, dare:feature=villa"
Pago de Bruñel,villa,"An ancient place, cited: BAtlas 27 B4 Pago de Bruñel",-3.0794566,37.8858685,RL,-30,640,265996,"dare:major=0, dare:ancient=0, dare:feature=villa"
Paulenca,villa,"An ancient place, cited: BAtlas 27 B4 Paulenca",-3.168573,37.293649,RL,-30,640,266e3,"dare:major=0, dare:ancient=0, dare:feature=villa"
El Ruedo,villa,"An ancient place, cited: BAtlas 27 A4 El Ruedo",-4.090122,37.443024,RL,-30,640,266015,"dare:major=0, dare:ancient=0, dare:feature=villa"
La Valenzoleja,villa,"An ancient place, cited: BAtlas 27 A4 La Valenzoleja",-4.673019,37.932152,RL,-30,640,266091,"dare:major=0, dare:ancient=0, dare:feature=villa"
Ain Mesbah,villa,"An ancient place, cited: BAtlas 28 B3 Ain Mesbah",-6.010001,35.170026,R,-30,300,275585,"dare:major=0, dare:ancient=0, dare:feature=villa"
Ain Skhoun,villa,"An ancient place, cited: BAtlas 28 C5 Ain Skhoun",-5.48348,34.154176,R,-30,300,275587,"dare:major=0, dare:ancient=0, dare:feature=villa"
Ain Taslalet,villa,"An ancient place, cited: BAtlas 28 C5 Ain Taslalet",-5.505728,34.162287,R,-30,300,275588,"dare:major=0, dare:ancient=0, dare:feature=villa"
Dar Sied,villa,"An ancient place, cited: BAtlas 28 C3 Dar Sied",-5.98,35.48,RL,-30,640,275619,"dare:major=0, dare:ancient=0, dare:feature=villa"
Douar Naasa,villa,"An ancient place, cited: BAtlas 28 C5 Douar Naasa",-5.921407,34.213874,R,-30,300,275621,"dare:major=0, dare:ancient=0, dare:feature=villa"
Ferme Biarnay,villa,"An ancient place, cited: BAtlas 28 C5 Ferme Biarnay",-5.661983,34.447825,R,-30,300,275626,"dare:major=0, dare:ancient=0, dare:feature=villa"
Gadadra,villa,"An ancient place, cited: BAtlas 28 B4 Gadadra",-6.133148,34.499464,R,-30,300,275632,"dare:major=0, dare:ancient=0, dare:feature=villa"
Hafra Ennaga,villa,"An ancient place, cited: BAtlas 28 C5 Hafra Ennaga",-5.494466,34.182376,R,-30,300,275637,"dare:major=0, dare:ancient=0, dare:feature=villa"
Koudia es Souma,villa,"An ancient place, cited: BAtlas 28 B3 Koudia es Souma",-6.091355,35.190895,HRL,-330,640,275656,"dare:major=0, dare:ancient=0, dare:feature=villa"
Krimda,villa,"An ancient place, cited: BAtlas 28 B3 Krimda",-6.07,35.27,HRL,-330,640,275658,"dare:major=0, dare:ancient=0, dare:feature=villa"
Lalla Yto,villa,"An ancient place, cited: BAtlas 28 B5 Lalla Yto",-6.203001,34.34657,R,-30,300,275662,"dare:major=0, dare:ancient=0, dare:feature=villa"
Lalla Ghannama,villa,"An ancient place, cited: BAtlas 28 C5 Lalla Ghannama",-5.717595,34.251619,RL,-30,640,275663,"dare:major=0, dare:ancient=0, dare:feature=villa"
Maatga,villa,"An ancient place, cited: BAtlas 28 B4 Maatga",-6.099999,34.616666,R,-30,300,275669,"dare:major=0, dare:ancient=0, dare:feature=villa"
Mechra Sfa,villa,"An ancient place, cited: BAtlas 28 C5 Mechra Sfa",-5.70059,34.180499,R,-30,300,275675,"dare:major=0, dare:ancient=0, dare:feature=villa"
Merja Touila,villa,"An ancient place, cited: BAtlas 28 B5 Merja Touila",-6.450001,34.350002,R,-30,300,275677,"dare:major=0, dare:ancient=0, dare:feature=villa"
Mezgalef,villa,"An ancient place, cited: BAtlas 28 B3 Mezgalef",-6.09,35.289999,HR,-330,300,275680,"dare:major=0, dare:ancient=0, dare:feature=villa"
Oued Bqader,villa,"An ancient place, cited: BAtlas 28 B5 Oued Bqader",-6.279911,34.475742,R,-30,300,275687,"dare:major=0, dare:ancient=0, dare:feature=villa"
Rekada,villa,"An ancient place, cited: BAtlas 28 B3 Rekada",-6.13,35.209999,HRL,-330,640,275691,"dare:major=0, dare:ancient=0, dare:feature=villa"
Si Ahmed Cherif,villa,"An ancient place, cited: BAtlas 28 C3 Si Ahmed Cherif",-5.847043,35.448322,RL,-30,640,275707,"dare:major=0, dare:ancient=0, dare:feature=villa"
Sidi Kacem,villa,"An ancient place, cited: BAtlas 28 C2 Sidi Kacem",-5.943195,35.707377,RL,-30,640,275716,"dare:major=0, dare:ancient=0, dare:feature=villa"
Sidi Mohammed ben Naseur,villa,"An ancient place, cited: BAtlas 28 B5 Sidi Mohammed ben Naseur",-5.997415,34.308691,R,-30,300,275719,"dare:major=0, dare:ancient=0, dare:feature=villa"
Untitled,villa,"An ancient place, cited: BAtlas 28 D2 unnamed feature (rural settlement E Tamuda)",-5.390233,35.555497,R,-30,300,277846,"dare:major=0, dare:ancient=2, dare:feature=villa"
Untitled,"feature, villa","An ancient place, cited: BAtlas 28 B3 unnamed feature (rural settlement in Djouima vicinity)",-6.105608,35.254559,RL,-30,640,277847,"dare:major=0, dare:ancient=2, dare:feature=villa"
Ain Bénia,villa,"An ancient place, cited: BAtlas 29 G1 Ain Bénia",1.693235,35.103058,R,-30,300,285397,"dare:major=0, dare:ancient=0, dare:feature=villa"
Ain bent es Soltane,villa,"An ancient place, cited: BAtlas 29 D2 Ain bent es Soltane",-1.032855,34.849815,R,-30,300,285398,"dare:major=0, dare:ancient=0, dare:feature=villa"
Ain Sarb,villa,"An ancient place, cited: BAtlas 29 G1 Ain Sarb",1.116894,35.349831,RL,-30,640,285404,"dare:major=0, dare:ancient=0, dare:feature=villa"
Oukki,villa,"An ancient place, cited: BAtlas 29 G1 Oukki",1.462193,35.543343,R,-30,300,285499,"dare:major=0, dare:ancient=0, dare:feature=villa"
Trumelet,villa,"An ancient place, cited: BAtlas 29 G1 Trumelet",1.441323,35.395992,RL,-30,640,285541,"dare:major=0, dare:ancient=0, dare:feature=villa"
Akbou des Beni Chénacha,villa,"An ancient place, cited: BAtlas 30 G3 Akbou des Beni Chénacha",3.400832,36.637935,R,-30,300,295214,"dare:major=0, dare:ancient=0, dare:feature=villa"
Bou Kisnaden,villa,"An ancient place, cited: BAtlas 30 D3 Bou Kisnaden",2.371379,36.543718,RL,-30,640,295231,"dare:major=0, dare:ancient=0, dare:feature=villa"
Bou-Roukht,villa,"An ancient place, cited: BAtlas 30 D3 Bou-Roukht",2.256551,36.603386,R,-30,300,295233,"dare:major=0, dare:ancient=0, dare:feature=villa"
Nador,villa,"An ancient place, cited: BAtlas 30 D3 Nador",2.391278,36.570401,RL,-30,640,295315,"dare:major=0, dare:ancient=0, dare:feature=villa"
Sidi-bou-el-Messabih,villa,"An ancient place, cited: BAtlas 30 D3 Sidi-bou-el-Messabih",2.291792,36.590348,RL,-30,640,295341,"dare:major=0, dare:ancient=0, dare:feature=villa"
Sidi-el-Masmeudi,villa,"An ancient place, cited: BAtlas 30 D4 Sidi-el-Masmeudi",2.281579,36.494028,RL,-30,640,295342,"dare:major=0, dare:ancient=0, dare:feature=villa"
Thalefsa,villa,"An ancient place, cited: BAtlas 30 D3 Thalefsa",2.336182,36.63831,R,-30,300,295353,"dare:major=0, dare:ancient=0, dare:feature=villa"
Thénia,villa,"An ancient place, cited: BAtlas 30 G3 Thénia",3.55632,36.724521,RL,-30,640,295355,"dare:major=0, dare:ancient=0, dare:feature=villa"
Tirmlit,villa,"An ancient place, cited: BAtlas 30 D3 Tirmlit",2.313867,36.57297,R,-30,300,295364,"dare:major=0, dare:ancient=0, dare:feature=villa"
Zaouia de Sidi-Moussa,villa,"An ancient place, cited: BAtlas 30 D3 Zaouia de Sidi-Moussa",2.333755,36.559428,R,-30,300,295373,"dare:major=0, dare:ancient=0, dare:feature=villa"
Tellaro Roman villa,villa,An Imperial Roman villa with elaborate floor mosaics.,15.0784713,36.8359248,RL,-30,640,215496319,
Bir esc-Sciueref,villa,"An ancient place, cited: BAtlas 37 B1 Bir esc-Sciueref",16.35553,31.161372,R,-30,300,363941,"dare:major=0, dare:ancient=0, dare:feature=villa"
Dafni,villa,"An ancient place, cited: BAtlas 37 B1 Dafni",16.77768,31.191409,R,-30,300,363953,"dare:major=0, dare:ancient=0, dare:feature=villa"
el-Faschia,villa,"An ancient place, cited: BAtlas 37 B1 el-Faschia",16.425148,31.204628,R,-30,300,363961,"dare:major=0, dare:ancient=0, dare:feature=villa"
Gasr ed-Dubban,villa,"An ancient place, cited: BAtlas 37 B1 Gasr ed-Dubban",16.519899,31.154266,RL,-30,640,363966,"dare:major=0, dare:ancient=0, dare:feature=villa"
Gasr el-Brega,villa,"An ancient place, cited: BAtlas 37 E2 Gasr el-Brega",19.576684,30.412447,RL,-30,640,363968,"dare:major=0, dare:ancient=0, dare:feature=villa"
Henchir Bu Zahia,villa,"An ancient place, cited: BAtlas 37 B1 Henchir Bu Zahia",16.730044,31.204095,R,-30,300,363972,"dare:major=0, dare:ancient=0, dare:feature=villa"
el-Magedubia,villa,"An ancient place, cited: BAtlas 37 B1 el-Magedubia",16.668999,31.016352,R,-30,300,363989,"dare:major=0, dare:ancient=0, dare:feature=villa"
Magen el-Kanshiya,villa,"An ancient place, cited: BAtlas 37 B1 Magen el-Kanshiya",16.018285,31.061349,R,-30,300,363991,"dare:major=0, dare:ancient=0, dare:feature=villa"
er-Rumia,villa,"An ancient place, cited: BAtlas 37 B1 er-Rumia",16.799428,31.155442,R,-30,300,364009,"dare:major=0, dare:ancient=0, dare:feature=villa"
es-Semat,villa,"An ancient place, cited: BAtlas 37 B1 es-Semat",16.543714,31.17763,R,-30,300,364013,"dare:major=0, dare:ancient=0, dare:feature=villa"
es-Snemat,villa,"An ancient place, cited: BAtlas 37 B1 es-Snemat",16.762348,31.157885,RL,-30,640,364015,"dare:major=0, dare:ancient=0, dare:feature=villa"
Unnamed villa,villa,An unnamed villa from the Boreum region,19.907708,30.4519,RL,-30,640,365422,"dare:major=0, dare:ancient=2, dare:feature=villa"
Untitled,villa,Unlabeled feature captured from the Barrington Atlas,9.976536,33.89703,RL,-30,640,183817902,"dare:major=0, dare:ancient=2, dare:feature=villa"
Fundus Seneci(...),villa,"An ancient place, cited: BAtlas 31 F4 Fundus Seneci(...)",6.451106,36.328027,R,-30,300,305080,"dare:ancient=1, dare:major=0, dare:feature=villa"
Numituriana?/Saltus Caeliae Maximae,villa,"An ancient place, cited: BAtlas 31 E4 Numituriana?/Saltus Caeliae Maximae",6.3229,36.396996,RL,-30,640,305122,"dare:ancient=1, dare:major=0, dare:feature=villa"
Oued Athmenia,villa,"An ancient place, cited: BAtlas 31 E4 Oued Athmenia",6.288526,36.244684,RL,-30,640,305124,"dare:major=0, dare:ancient=0, dare:feature=villa"
Praedia Iulii,villa,"An ancient place, cited: BAtlas 31 C4 Praedia Iulii",5.32512,36.207178999999996,R,-30,300,305132,"dare:ancient=1, dare:major=0, dare:feature=villa"
Saltus Bagatensis,villa,"An ancient place, cited: BAtlas 31 F4 Saltus Bagatensis",6.83273,36.317545,RL,-30,640,305143,"dare:ancient=1, dare:major=0, dare:feature=villa"
Saltus Poctanensis P(h)osphorianus,villa,"An ancient place, cited: BAtlas 31 G4 Saltus Poctanensis P(h)osphorianus",7.044814,36.402214,RL,-30,640,305145,"dare:ancient=1, dare:major=0, dare:feature=villa"
Vicus Antoniae Saturninae,villa,"An ancient place, cited: BAtlas 31 E4 Vicus Antoniae Saturninae",6.222177,36.030038,RL,-30,640,305183,"dare:ancient=1, dare:major=0, dare:feature=villa"
*Vicus Phosphorianus,villa,"An ancient place, cited: BAtlas 31 G4 *Vicus Phosphorianus",7.080887,36.137412,RL,-30,640,305185,"dare:ancient=1, dare:major=0, dare:feature=villa"
Ain-el-Djemala,villa,"An ancient place, cited: BAtlas 32 D3 Ain-el-Djemala",9.312556,36.502403,R,-30,300,314862,"dare:major=0, dare:ancient=0, dare:feature=villa"
Ain-Taleb,villa,"An ancient place, cited: BAtlas 32 C4 Ain-Taleb",8.789781,36.209043,R,-30,300,314874,"dare:major=0, dare:ancient=0, dare:feature=villa"
Carthago,"villa, theatre, circus, cemetery, bath, church, settlement, amphitheatre, port","The ancient city of Carthage, located in modern Tunis (Tunisia).",10.32340778,36.84837212,ACHRRLMM,-750,2100,314921,UWHS
Fundus Aufidianus,villa,"An ancient place, cited: BAtlas 32 E3 Fundus Aufidianus",9.666923,37.033395,R,-30,300,314954,"dare:ancient=1, dare:major=0, dare:feature=villa"
Fundus (...) 1,villa,"An ancient place, cited: BAtlas 32 D4 Fundus (...) 1",9.436861,36.333963,RL,-30,640,314957,"dare:ancient=1, dare:major=0, dare:feature=villa"
Fundus (...) 2,villa,"An ancient place, cited: BAtlas 32 D4 Fundus (...) 2",9.199862,36.290664,RL,-30,640,314958,"dare:ancient=1, dare:major=0, dare:feature=villa"
Henchir-Gastlaia,villa,"An ancient place, cited: BAtlas 32 F4 Henchir-Gastlaia",10.388085,36.202753,RL,-30,640,315001,"dare:major=0, dare:ancient=0, dare:feature=villa"
Henchir-Ksour-Abbeda,villa,"An ancient place, cited: BAtlas 32 E4 Henchir-Ksour-Abbeda",9.861464,36.286831,RL,-30,640,315006,"dare:major=0, dare:ancient=0, dare:feature=villa"
Henchir-Mezouar,villa,"An ancient place, cited: BAtlas 32 D3 Henchir-Mezouar",9.333373,36.783575,RL,-30,640,315011,"dare:major=0, dare:ancient=0, dare:feature=villa"
*Praedia Buritanorum,villa,"An ancient place, cited: BAtlas 32 E3 *Praedia Buritanorum",9.713474,36.892965,RL,-30,640,315117,"dare:ancient=1, dare:major=0, dare:feature=villa"
Praedia Pullaienorum,villa,"An ancient place, cited: BAtlas 32 D4 Praedia Pullaienorum",9.120605,36.43235,R,-30,300,315118,"dare:ancient=1, dare:major=0, dare:feature=villa"
Praedia Rufii Volusiani,villa,"An ancient place, cited: BAtlas 32 D4 Praedia Rufii Volusiani",9.291762,36.464686,RL,-30,640,315119,"dare:ancient=1, dare:major=0, dare:feature=villa"
Ras-el-Kasba,villa,"An ancient place, cited: BAtlas 32 D3 Ras-el-Kasba",9.043874,36.969765,RL,-30,640,315127,"dare:major=0, dare:ancient=0, dare:feature=villa"
Ras Enghela,villa,"An ancient place, cited: BAtlas 32 E2 Ras Enghela",9.740962,37.344573,RL,-30,640,315128,"dare:major=0, dare:ancient=0, dare:feature=villa"
Saltus Blandianus,villa,"An ancient place, cited: BAtlas 32 D3 Saltus Blandianus",9.143819,36.563753,R,-30,300,315136,"dare:ancient=1, dare:major=0, dare:feature=villa"
Saltus Burunitanus,villa,"An ancient place, cited: BAtlas 32 C3 Saltus Burunitanus",9.083551,36.766375,R,-30,300,315137,"dare:ancient=1, dare:major=0, dare:feature=villa"
Saltus Domitianus,villa,"An ancient place, cited: BAtlas 32 D3 Saltus Domitianus",9.181016,36.597924,R,-30,300,315138,"dare:ancient=1, dare:major=0, dare:feature=villa"
Saltus Lamianus,villa,"An ancient place, cited: BAtlas 32 D3 Saltus Lamianus",9.24277,36.605963,R,-30,300,315139,"dare:ancient=1, dare:major=0, dare:feature=villa"
Saltus Neronianus,villa,"An ancient place, cited: BAtlas 32 D3 Saltus Neronianus",9.342536,36.612535,R,-30,300,315140,"dare:ancient=1, dare:major=0, dare:feature=villa"
Saltus Philomusianus,villa,"An ancient place, cited: BAtlas 32 C3 Saltus Philomusianus",8.669907,36.516842,R,-30,300,315141,"dare:ancient=1, dare:major=0, dare:feature=villa"
Saltus Tuzritanus,villa,"An ancient place, cited: BAtlas 32 D3 Saltus Tuzritanus",9.209926,36.416006,R,-30,300,315142,"dare:ancient=1, dare:major=0, dare:feature=villa"
Saltus Udensis,villa,"An ancient place, cited: BAtlas 32 D4 Saltus Udensis",9.195726,36.380061,R,-30,300,315143,"dare:ancient=1, dare:major=0, dare:feature=villa"
Turris Rutunda,villa,"An ancient place, cited: BAtlas 32 D4 Turris Rutunda",10.386576,36.260237,RL,-30,640,315237,"dare:ancient=1, dare:major=0, dare:feature=villa"
Villa Magna Variana,villa,"An ancient place, cited: BAtlas 32 D3 Villa Magna Variana",9.366642,36.569468,HRL,-330,640,315263,"dare:ancient=1, dare:major=0, dare:feature=villa"
Untitled,"villa, unlabeled","An ancient place, cited: BAtlas 32 C3 unnamed unlabeled ((2 monuments))",8.752589,36.691677,R,-30,300,320123,"dare:major=0, dare:ancient=2, dare:feature=villa"
Untitled,"villa, unlabeled","An ancient place, cited: BAtlas 32 D3 unnamed unlabeled ((2 monuments))",9.404307,36.596698,HR,-330,300,320125,"dare:major=0, dare:ancient=2, dare:feature=villa"
Untitled,"villa, unlabeled","An ancient place, cited: BAtlas 32 F3 unnamed unlabeled ((1 monument))",10.356781,36.520194,R,-30,300,320130,"dare:major=0, dare:ancient=2, dare:feature=villa"
Untitled,"villa, unlabeled","An ancient place, cited: BAtlas 32 G3 unnamed unlabeled ((1 bath, 1 cemetery))",10.642624,36.513501,R,-30,300,320132,"dare:major=0, dare:ancient=2, dare:feature=villa"
Withdrawn: Tellaro Roman villa,villa,This place resource is a duplicate for http://pleiades.stoa.org/places/462122 and was erroneously created and published. It has been withdrawn and moved to errata.,15.0784713,36.8359248,RL,-30,640,215496319,
Untitled,"villa, unlabeled","An ancient place, cited: BAtlas 32 C3 unnamed unlabeled ((2 monuments))",8.775961,36.926423,R,-30,300,208942320,"dare:major=0, dare:ancient=2, dare:feature=villa"
Untitled,"villa, unlabeled","An ancient place, cited: BAtlas 32 C3 unnamed unlabeled ((2 monuments))",8.782793,36.923459,R,-30,300,208942321,"dare:major=0, dare:ancient=2, dare:feature=villa"
Untitled,"villa, unlabeled","An ancient place, cited: BAtlas 32 C3 unnamed unlabeled ((2 monuments))",8.783562,36.896978,R,-30,300,208942322,"dare:major=0, dare:ancient=2, dare:feature=villa"
Untitled,"villa, unlabeled","An ancient place, cited: BAtlas 32 C3 unnamed unlabeled ((2 monuments))",8.777705,36.904031,R,-30,300,208942323,"dare:major=0, dare:ancient=2, dare:feature=villa"
Untitled,"villa, unlabeled","An ancient place, cited: BAtlas 32 C3 unnamed unlabeled ((2 monuments))",8.79858,36.937258,R,-30,300,208942324,"dare:major=0, dare:ancient=2, dare:feature=villa"
Untitled,"villa, unlabeled","An ancient place, cited: BAtlas 32 C3 unnamed unlabeled ((2 monuments))",8.788855,36.936958,R,-30,300,208942325,"dare:major=0, dare:ancient=2, dare:feature=villa"
Untitled,"villa, unlabeled","An ancient place, cited: BAtlas 32 C3 unnamed unlabeled ((2 monuments))",8.807969,36.923119,R,-30,300,208942326,"dare:major=0, dare:ancient=2, dare:feature=villa"
Untitled,"villa, unlabeled","An ancient place, cited: BAtlas 32 C3 unnamed unlabeled ((2 monuments))",8.816,36.933755,R,-30,300,208942327,"dare:major=0, dare:ancient=2, dare:feature=villa"
Untitled,"villa, unlabeled","An ancient place, cited: BAtlas 32 C3 unnamed unlabeled ((2 monuments))",8.798299,36.879688,R,-30,300,208942328,"dare:major=0, dare:ancient=2, dare:feature=villa"
Untitled,"villa, unlabeled","An ancient place, cited: BAtlas 32 C3 unnamed unlabeled ((2 monuments))",8.795401,36.896969,R,-30,300,208942329,"dare:major=0, dare:ancient=2, dare:feature=villa"
Untitled,"villa, unlabeled","An ancient place, cited: BAtlas 32 C3 unnamed unlabeled ((2 monuments))",8.5013280000000009,36.555476,R,-30,300,208942331,"dare:major=0, dare:ancient=2, dare:feature=villa"
Untitled,"villa, unlabeled","An ancient place, cited: BAtlas 32 C3 unnamed unlabeled ((2 monuments))",8.752437,36.908946,R,-30,300,208942332,"dare:major=0, dare:ancient=2, dare:feature=villa"
Untitled,"villa, unlabeled","An ancient place, cited: BAtlas 32 C3 unnamed unlabeled ((2 monuments))",8.740131,36.910812,R,-30,300,208942333,"dare:major=0, dare:ancient=2, dare:feature=villa"
Untitled,"villa, unlabeled","An ancient place, cited: BAtlas 32 C3 unnamed unlabeled ((2 monuments))",8.764292,36.898413,R,-30,300,208942334,"dare:major=0, dare:ancient=2, dare:feature=villa"
Untitled,"villa, unlabeled","An ancient place, cited: BAtlas 32 C3 unnamed unlabeled ((2 monuments))",8.759508,36.904629,R,-30,300,208942335,"dare:major=0, dare:ancient=2, dare:feature=villa"
Untitled,"villa, unlabeled","An ancient place, cited: BAtlas 32 C3 unnamed unlabeled ((2 monuments))",8.826014,36.888717,R,-30,300,208942336,"dare:major=0, dare:ancient=2, dare:feature=villa"
Untitled,"villa, unlabeled","An ancient place, cited: BAtlas 32 C3 unnamed unlabeled ((2 monuments))",8.760962,36.886141,R,-30,300,208942337,"dare:major=0, dare:ancient=2, dare:feature=villa"
Untitled,"villa, unlabeled","An ancient place, cited: BAtlas 32 C3 unnamed unlabeled ((2 monuments))",8.813192,36.885151,R,-30,300,208942338,"dare:major=0, dare:ancient=2, dare:feature=villa"
Untitled,"villa, unlabeled","An ancient place, cited: BAtlas 32 C3 unnamed unlabeled ((2 monuments))",8.823447,36.879854,R,-30,300,208942339,"dare:major=0, dare:ancient=2, dare:feature=villa"
Untitled,"villa, unlabeled","An ancient place, cited: BAtlas 32 C3 unnamed unlabeled ((2 monuments))",8.738699,36.898905,R,-30,300,208942340,"dare:major=0, dare:ancient=2, dare:feature=villa"
Untitled,"villa, unlabeled","An ancient place, cited: BAtlas 32 C3 unnamed unlabeled ((2 monuments))",8.73273,36.920388,R,-30,300,208942341,"dare:major=0, dare:ancient=2, dare:feature=villa"
Untitled,"villa, unlabeled","An ancient place, cited: BAtlas 32 C3 unnamed unlabeled ((2 monuments))",8.789482,36.873448,R,-30,300,208942342,"dare:major=0, dare:ancient=2, dare:feature=villa"
Untitled,"villa, unlabeled","An ancient place, cited: BAtlas 32 C3 unnamed unlabeled ((2 monuments))",8.777652,36.936465,R,-30,300,208942343,"dare:major=0, dare:ancient=2, dare:feature=villa"
Untitled,"villa, unlabeled","An ancient place, cited: BAtlas 32 C3 unnamed unlabeled ((2 monuments))",8.732044,36.951626,R,-30,300,208942380,"dare:major=0, dare:ancient=2, dare:feature=villa"
Untitled,"villa, unlabeled","An ancient place, cited: BAtlas 32 C3 unnamed unlabeled ((2 monuments))",8.754645,36.943792,R,-30,300,208942381,"dare:major=0, dare:ancient=2, dare:feature=villa"
Untitled,"villa, unlabeled","An ancient place, cited: BAtlas 32 C3 unnamed unlabeled ((2 monuments))",8.751839,36.936619,R,-30,300,208942382,"dare:major=0, dare:ancient=2, dare:feature=villa"
Untitled,"villa, unlabeled","An ancient place, cited: BAtlas 32 C3 unnamed unlabeled ((2 monuments))",8.743129,36.938195,R,-30,300,208942383,"dare:major=0, dare:ancient=2, dare:feature=villa"
Untitled,"villa, unlabeled","An ancient place, cited: BAtlas 32 C3 unnamed unlabeled ((2 monuments))",8.741808,36.930875,R,-30,300,208942384,"dare:major=0, dare:ancient=2, dare:feature=villa"
Untitled,"villa, unlabeled","An ancient place, cited: BAtlas 32 C3 unnamed unlabeled ((2 monuments))",8.734744,36.934681,R,-30,300,208942385,"dare:major=0, dare:ancient=2, dare:feature=villa"
Untitled,"villa, unlabeled","An ancient place, cited: BAtlas 32 D2 unnamed unlabeled ((5 monuments))",9.273018,37.128475,R,-30,300,208942473,"dare:major=0, dare:ancient=2, dare:feature=villa"
Untitled,"villa, unlabeled","An ancient place, cited: BAtlas 32 D3 unnamed unlabeled ((2 monuments))",9.052816,36.595584,HR,-330,300,208942481,"dare:major=0, dare:ancient=2, dare:feature=villa"
Untitled,"villa, unlabeled","An ancient place, cited: BAtlas 32 D3 unnamed unlabeled ((2 monuments))",9.430938,36.642474,HR,-330,300,208942482,"dare:major=0, dare:ancient=2, dare:feature=villa"
Untitled,"villa, unlabeled","An ancient place, cited: BAtlas 32 D3 unnamed unlabeled ((2 monuments))",9.417719,36.635966,HR,-330,300,208942483,"dare:major=0, dare:ancient=2, dare:feature=villa"
Untitled,"villa, unlabeled","An ancient place, cited: BAtlas 32 D3 unnamed unlabeled ((2 monuments))",9.055606,36.701393,HR,-330,300,208942484,"dare:major=0, dare:ancient=2, dare:feature=villa"
Untitled,"villa, unlabeled","An ancient place, cited: BAtlas 32 D3 unnamed unlabeled ((2 monuments))",9.438012,36.735032,HR,-330,300,208942485,"dare:major=0, dare:ancient=2, dare:feature=villa"
Untitled,"villa, unlabeled","An ancient place, cited: BAtlas 32 D3 unnamed unlabeled ((2 monuments))",9.018886,36.702282,HR,-330,300,208942486,"dare:major=0, dare:ancient=2, dare:feature=villa"
Untitled,"villa, unlabeled","An ancient place, cited: BAtlas 32 D3 unnamed unlabeled ((2 monuments))",9.04522,36.686077,HR,-330,300,208942487,"dare:major=0, dare:ancient=2, dare:feature=villa"
Untitled,"villa, unlabeled","An ancient place, cited: BAtlas 32 D3 unnamed unlabeled ((2 monuments))",9.022133,36.557364,HR,-330,300,208942490,"dare:major=0, dare:ancient=2, dare:feature=villa"
Untitled,"villa, unlabeled","An ancient place, cited: BAtlas 32 D3 unnamed unlabeled ((2 monuments))",9.326935,36.881274,HR,-330,300,208942491,"dare:major=0, dare:ancient=2, dare:feature=villa"
Untitled,"villa, unlabeled","An ancient place, cited: BAtlas 32 D3 unnamed unlabeled ((2 monuments))",9.252539,36.54849,HR,-330,300,208942492,"dare:major=0, dare:ancient=2, dare:feature=villa"
Untitled,"villa, unlabeled","An ancient place, cited: BAtlas 32 D3 unnamed unlabeled ((2 monuments))",9.335053,36.778668,HR,-330,300,208942493,"dare:major=0, dare:ancient=2, dare:feature=villa"
Untitled,"villa, unlabeled","An ancient place, cited: BAtlas 32 D3 unnamed unlabeled ((2 monuments))",9.308596,36.786393,HR,-330,300,208942494,"dare:major=0, dare:ancient=2, dare:feature=villa"
Untitled,"villa, unlabeled","An ancient place, cited: BAtlas 32 D3 unnamed unlabeled ((2 monuments))",9.046658,36.840981,HR,-330,300,208942497,"dare:major=0, dare:ancient=2, dare:feature=villa"
Untitled,"villa, unlabeled","An ancient place, cited: BAtlas 32 D3 unnamed unlabeled ((2 monuments))",9.125257,36.862144,HR,-330,300,208942498,"dare:major=0, dare:ancient=2, dare:feature=villa"
Untitled,"villa, unlabeled","An ancient place, cited: BAtlas 32 D3 unnamed unlabeled ((2 monuments))",9.135462,36.875316,HR,-330,300,208942499,"dare:major=0, dare:ancient=2, dare:feature=villa"
Untitled,"villa, unlabeled","An ancient place, cited: BAtlas 32 D3 unnamed unlabeled ((2 monuments))",9.166164,36.836818,HR,-330,300,208942500,"dare:major=0, dare:ancient=2, dare:feature=villa"
Untitled,"villa, unlabeled","An ancient place, cited: BAtlas 32 D3 unnamed unlabeled ((2 monuments))",9.223488,36.898141,HR,-330,300,208942501,"dare:major=0, dare:ancient=2, dare:feature=villa"
Untitled,"villa, unlabeled","An ancient place, cited: BAtlas 32 D3 unnamed unlabeled ((2 monuments))",9.290568,36.961698,HR,-330,300,208942502,"dare:major=0, dare:ancient=2, dare:feature=villa"
Untitled,"villa, unlabeled","An ancient place, cited: BAtlas 32 D3 unnamed unlabeled ((2 monuments))",9.307148,36.955713,HR,-330,300,208942503,"dare:major=0, dare:ancient=2, dare:feature=villa"
Untitled,"feature, villa","An ancient place, cited: BAtlas 28 B3 unnamed feature (rural settlement in Djouima vicinity)",-6.105802,35.245117,RL,-30,640,208942522,"dare:major=0, dare:ancient=2, dare:feature=villa"
Untitled,"feature, villa","An ancient place, cited: BAtlas 28 B3 unnamed feature (rural settlement in Djouima vicinity)",-6.118177,35.259965,RL,-30,640,208942523,"dare:major=0, dare:ancient=2, dare:feature=villa"
Untitled,"feature, villa","An ancient place, cited: BAtlas 28 B3 unnamed feature (rural settlement in Djouima vicinity)",-6.090422,35.241886,RL,-30,640,208942524,"dare:major=0, dare:ancient=2, dare:feature=villa"
Untitled,"feature, villa","An ancient place, cited: BAtlas 28 B3 unnamed feature (rural settlement in Djouima vicinity)",-6.087278,35.225477,RL,-30,640,208942525,"dare:major=0, dare:ancient=2, dare:feature=villa"
Untitled,"feature, villa","An ancient place, cited: BAtlas 28 B3 unnamed feature (rural settlement in Djouima vicinity)",-6.112902,35.222172,RL,-30,640,208942526,"dare:major=0, dare:ancient=2, dare:feature=villa"
Untitled,"feature, villa","An ancient place, cited: BAtlas 34 F2 unnamed feature ()",7.969428,35.202827,RL,-30,640,208942549,"dare:major=0, dare:ancient=2, dare:feature=villa"
Untitled,"feature, villa","An ancient place, cited: BAtlas 34 F2 unnamed feature ()",7.985906,35.18275,RL,-30,640,208942550,"dare:major=0, dare:ancient=2, dare:feature=villa"
Untitled,"feature, villa","An ancient place, cited: BAtlas 34 F2 unnamed feature ()",7.980782,35.192288,RL,-30,640,208942551,"dare:major=0, dare:ancient=2, dare:feature=villa"
Untitled,"feature, villa","An ancient place, cited: BAtlas 34 G2 unnamed feature ()",8.115474,35.347564,RL,-30,640,208942684,"dare:major=0, dare:ancient=2, dare:feature=villa"
Untitled,"feature, villa","An ancient place, cited: BAtlas 34 G2 unnamed feature ()",8.427623,35.030889,RL,-30,640,208942687,"dare:major=0, dare:ancient=2, dare:feature=villa"
Untitled,"feature, villa","An ancient place, cited: BAtlas 34 G2 unnamed feature ()",8.082216,35.873735,RL,-30,640,208942688,"dare:major=0, dare:ancient=2, dare:feature=villa"
Untitled,"feature, villa","An ancient place, cited: BAtlas 34 G2 unnamed feature ()",8.086098,35.846037,RL,-30,640,208942689,"dare:major=0, dare:ancient=2, dare:feature=villa"
Untitled,"feature, villa","An ancient place, cited: BAtlas 34 G2 unnamed feature ()",8.087795,35.83244,RL,-30,640,208942690,"dare:major=0, dare:ancient=2, dare:feature=villa"
Untitled,"feature, villa","An ancient place, cited: BAtlas 34 G2 unnamed feature ()",8.407643,35.027733,RL,-30,640,208942691,"dare:major=0, dare:ancient=2, dare:feature=villa"
Untitled,"feature, villa","An ancient place, cited: BAtlas 34 G2 unnamed feature ()",8.113839,35.321083,RL,-30,640,208942692,"dare:major=0, dare:ancient=2, dare:feature=villa"
Untitled,"feature, villa","An ancient place, cited: BAtlas 34 G2 unnamed feature ()",8.132291,35.321351,RL,-30,640,208942693,"dare:major=0, dare:ancient=2, dare:feature=villa"
Untitled,"feature, villa","An ancient place, cited: BAtlas 34 G2 unnamed feature ()",8.150964,35.319458,RL,-30,640,208942694,"dare:major=0, dare:ancient=2, dare:feature=villa"
Untitled,"feature, villa","An ancient place, cited: BAtlas 34 G2 unnamed feature ()",8.191163,35.318644,RL,-30,640,208942695,"dare:major=0, dare:ancient=2, dare:feature=villa"
Untitled,"feature, villa","An ancient place, cited: BAtlas 34 G2 unnamed feature ()",8.027971,35.202131,RL,-30,640,208942696,"dare:major=0, dare:ancient=2, dare:feature=villa"
Untitled,"feature, villa","An ancient place, cited: BAtlas 34 G2 unnamed feature ()",8.066178,35.297543,RL,-30,640,208942697,"dare:major=0, dare:ancient=2, dare:feature=villa"
Untitled,"feature, villa","An ancient place, cited: BAtlas 34 G2 unnamed feature ()",8.051156,35.855467,RL,-30,640,208942698,"dare:major=0, dare:ancient=2, dare:feature=villa"
Untitled,villa,"An ancient place, cited: BAtlas 34 G2 unnamed feature ()",8.022361,35.300251,RL,-30,640,208942699,"dare:feature=villa, dare:major=0, dare:ancient=2"
Untitled,"feature, villa","An ancient place, cited: BAtlas 34 G2 unnamed feature ()",8.052912,35.835627,RL,-30,640,208942700,"dare:major=0, dare:ancient=2, dare:feature=villa"
Untitled,"feature, villa","An ancient place, cited: BAtlas 34 G2 unnamed feature ()",8.030929,35.289766,RL,-30,640,208942701,"dare:major=0, dare:ancient=2, dare:feature=villa"
Untitled,"feature, villa","An ancient place, cited: BAtlas 34 G2 unnamed feature ()",8.045057,35.30788,RL,-30,640,208942702,"dare:major=0, dare:ancient=2, dare:feature=villa"
Untitled,"feature, villa","An ancient place, cited: BAtlas 34 G2 unnamed feature ()",8.062076,35.210136,RL,-30,640,208942703,"dare:major=0, dare:ancient=2, dare:feature=villa"
Untitled,"feature, villa","An ancient place, cited: BAtlas 34 G2 unnamed feature ()",8.068242,35.840551,RL,-30,640,208942704,"dare:major=0, dare:ancient=2, dare:feature=villa"
Untitled,"feature, villa","An ancient place, cited: BAtlas 34 G2 unnamed feature ()",8.07603,35.860728,RL,-30,640,208942705,"dare:major=0, dare:ancient=2, dare:feature=villa"
Untitled,"feature, villa","An ancient place, cited: BAtlas 34 G2 unnamed feature ()",8.357705,36.239525,RL,-30,640,208942707,"dare:major=0, dare:ancient=2, dare:feature=villa"
Untitled,"feature, villa","An ancient place, cited: BAtlas 34 G2 unnamed feature ()",8.050929,35.200739,RL,-30,640,208942710,"dare:major=0, dare:ancient=2, dare:feature=villa"
Untitled,"feature, villa","An ancient place, cited: BAtlas 34 G2 unnamed feature ()",8.049735,35.190039,RL,-30,640,208942711,"dare:major=0, dare:ancient=2, dare:feature=villa"
Untitled,"feature, villa","An ancient place, cited: BAtlas 34 G2 unnamed feature ()",8.043741,35.226122,RL,-30,640,208942712,"dare:major=0, dare:ancient=2, dare:feature=villa"
Untitled,"feature, villa","An ancient place, cited: BAtlas 34 G2 unnamed feature ()",8.409164,35.011385,RL,-30,640,208942714,"dare:major=0, dare:ancient=2, dare:feature=villa"
Untitled,"villa, unlabeled","An ancient place, cited: BAtlas 31 H4 unnamed unlabeled (settlements)",7.820035,36.381094,RL,-30,640,208942855,"dare:major=0, dare:ancient=2, dare:feature=villa"
Untitled,"villa, unlabeled","An ancient place, cited: BAtlas 31 H4 unnamed unlabeled (settlements)",7.944861,36.166144,RL,-30,640,208942857,"dare:major=0, dare:ancient=2, dare:feature=villa"
Untitled,"villa, unlabeled","An ancient place, cited: BAtlas 31 H4 unnamed unlabeled (settlements)",7.796768,36.241053,RL,-30,640,208942858,"dare:major=0, dare:ancient=2, dare:feature=villa"
Untitled,"villa, unlabeled","An ancient place, cited: BAtlas 31 H4 unnamed unlabeled (settlements)",7.979098,36.182321,RL,-30,640,208942859,"dare:major=0, dare:ancient=2, dare:feature=villa"
Untitled,"villa, unlabeled","An ancient place, cited: BAtlas 31 H4 unnamed unlabeled (settlements)",7.953718,36.221719,RL,-30,640,208942860,"dare:major=0, dare:ancient=2, dare:feature=villa"
Untitled,"villa, unlabeled","An ancient place, cited: BAtlas 31 H4 unnamed unlabeled (settlements)",7.944683,36.081505,RL,-30,640,208942861,"dare:major=0, dare:ancient=2, dare:feature=villa"
Untitled,"villa, unlabeled","An ancient place, cited: BAtlas 31 H4 unnamed unlabeled (settlements)",7.948789,36.361693,RL,-30,640,208942882,"dare:major=0, dare:ancient=2, dare:feature=villa"
Untitled,"villa, unlabeled","An ancient place, cited: BAtlas 31 H4 unnamed unlabeled (settlements)",7.885431,36.292825,RL,-30,640,208942883,"dare:major=0, dare:ancient=2, dare:feature=villa"
Untitled,"villa, unlabeled","An ancient place, cited: BAtlas 31 H4 unnamed unlabeled (settlements)",7.836558,36.264272,RL,-30,640,208942884,"dare:major=0, dare:ancient=2, dare:feature=villa"
Untitled,"villa, unlabeled","An ancient place, cited: BAtlas 31 H4 unnamed unlabeled (settlements)",7.793226,36.252556,RL,-30,640,208942888,"dare:major=0, dare:ancient=2, dare:feature=villa"
Untitled,"villa, unlabeled","An ancient place, cited: BAtlas 31 H4 unnamed unlabeled (settlements)",7.817687,36.394302,RL,-30,640,208942893,"dare:major=0, dare:ancient=2, dare:feature=villa"
Untitled,"villa, unlabeled","An ancient place, cited: BAtlas 31 H4 unnamed unlabeled (settlements)",7.831982,36.394223,RL,-30,640,208942894,"dare:major=0, dare:ancient=2, dare:feature=villa"
Untitled,"villa, unlabeled","An ancient place, cited: BAtlas 31 H4 unnamed unlabeled (settlements)",7.832598,36.384824,RL,-30,640,208942895,"dare:major=0, dare:ancient=2, dare:feature=villa"
Untitled,"villa, unlabeled","An ancient place, cited: BAtlas 31 H3 unnamed unlabeled (settlements)",7.756094,36.694035,RL,-30,640,208942900,"dare:major=0, dare:ancient=2, dare:feature=villa"
Untitled,"villa, unlabeled","An ancient place, cited: BAtlas 31 H3 unnamed unlabeled (settlements)",7.841189,36.766418,RL,-30,640,208942901,"dare:major=0, dare:ancient=2, dare:feature=villa"
Untitled,"villa, unlabeled","An ancient place, cited: BAtlas 31 H3 unnamed unlabeled (settlements)",7.709679,36.534478,RL,-30,640,208942915,"dare:major=0, dare:ancient=2, dare:feature=villa"
Untitled,"villa, unlabeled","An ancient place, cited: BAtlas 31 H3 unnamed unlabeled (settlements)",7.594769,36.611551,RL,-30,640,208942916,"dare:major=0, dare:ancient=2, dare:feature=villa"
Untitled,"villa, unlabeled","An ancient place, cited: BAtlas 31 H3 unnamed unlabeled (settlements)",7.736646,36.704227,RL,-30,640,208942917,"dare:major=0, dare:ancient=2, dare:feature=villa"
Untitled,"villa, unlabeled","An ancient place, cited: BAtlas 31 H3 unnamed unlabeled (settlements)",7.755782,36.699528,RL,-30,640,208942918,"dare:major=0, dare:ancient=2, dare:feature=villa"
Untitled,"villa, unlabeled","An ancient place, cited: BAtlas 31 H3 unnamed unlabeled (settlements)",7.853337,36.754924,RL,-30,640,208942920,"dare:major=0, dare:ancient=2, dare:feature=villa"
Untitled,"villa, unlabeled","An ancient place, cited: BAtlas 31 G3 unnamed unlabeled (settlements)",7.439937,36.527652,RL,-30,640,208942931,"dare:major=0, dare:ancient=2, dare:feature=villa"
Untitled,"villa, unlabeled","An ancient place, cited: BAtlas 31 F4 unnamed unlabeled (settlements)",6.600896,36.363717,RL,-30,640,208942941,"dare:major=0, dare:ancient=2, dare:feature=villa"
Untitled,"villa, unlabeled","An ancient place, cited: BAtlas 31 F3 unnamed unlabeled (settlements)",6.85933,36.705885,RL,-30,640,208942955,"dare:major=0, dare:ancient=2, dare:feature=villa"
Untitled,"villa, unlabeled","An ancient place, cited: BAtlas 31 F3 unnamed unlabeled (settlements)",6.606087,36.555039,RL,-30,640,208942956,"dare:major=0, dare:ancient=2, dare:feature=villa"
Untitled,"villa, unlabeled","An ancient place, cited: BAtlas 31 F3 unnamed unlabeled (settlements)",6.655816,36.562248,RL,-30,640,208942957,"dare:major=0, dare:ancient=2, dare:feature=villa"
Untitled,"villa, unlabeled","An ancient place, cited: BAtlas 33 G1 unnamed unlabeled ((1 cemetery))",10.555244,35.928606,R,-30,300,208942985,"dare:major=0, dare:ancient=2, dare:feature=villa"
Untitled,"villa, unlabeled","An ancient place, cited: BAtlas 33 G1 unnamed unlabeled ((1 cemetery))",10.571321,35.908257,R,-30,300,208942986,"dare:major=0, dare:ancient=2, dare:feature=villa"
Untitled,"villa, unlabeled","An ancient place, cited: BAtlas 33 G1 unnamed unlabeled ((1 cemetery))",10.533723,35.948467,R,-30,300,208942987,"dare:major=0, dare:ancient=2, dare:feature=villa"
Untitled,"villa, unlabeled","An ancient place, cited: BAtlas 33 G1 unnamed unlabeled ((1 cemetery))",10.551848,35.940828,R,-30,300,208942988,"dare:major=0, dare:ancient=2, dare:feature=villa"
Untitled,"villa, unlabeled","An ancient place, cited: BAtlas 33 G1 unnamed unlabeled ((1 cemetery))",10.526499,35.961751,R,-30,300,208942989,"dare:major=0, dare:ancient=2, dare:feature=villa"
Untitled,"villa, unlabeled","An ancient place, cited: BAtlas 33 G1 unnamed unlabeled ((1 cemetery))",10.530269,35.954979,R,-30,300,208942990,"dare:major=0, dare:ancient=2, dare:feature=villa"
Untitled,"villa, unlabeled","An ancient place, cited: BAtlas 33 G1 unnamed unlabeled ((1 cemetery))",10.572863,35.902796,R,-30,300,208942991,"dare:major=0, dare:ancient=2, dare:feature=villa"
Untitled,"villa, unlabeled","An ancient place, cited: BAtlas 33 G1 unnamed unlabeled ((1 cemetery))",10.575652,35.894474,R,-30,300,208942992,"dare:major=0, dare:ancient=2, dare:feature=villa"
Untitled,"villa, unlabeled","An ancient place, cited: BAtlas 33 G1 unnamed unlabeled ((1 cemetery))",10.595089,35.892527,R,-30,300,208942993,"dare:major=0, dare:ancient=2, dare:feature=villa"
Untitled,"villa, unlabeled","An ancient place, cited: BAtlas 33 G1 unnamed unlabeled ((1 cemetery))",10.589115,35.901132,R,-30,300,208942994,"dare:major=0, dare:ancient=2, dare:feature=villa"
Untitled,"villa, unlabeled","An ancient place, cited: BAtlas 33 G2 unnamed unlabeled ((3 monuments, 1 bath))",10.717397,35.255335,R,-30,300,208943015,"dare:major=0, dare:ancient=2, dare:feature=villa"
Untitled,"villa, unlabeled","An ancient place, cited: BAtlas 33 G2 unnamed unlabeled ((3 monuments, 1 bath))",10.692862,35.207916,R,-30,300,208943016,"dare:major=0, dare:ancient=2, dare:feature=villa"
Untitled,"villa, unlabeled","An ancient place, cited: BAtlas 33 G2 unnamed unlabeled ((3 monuments, 1 bath))",10.74183,35.291369,R,-30,300,208943017,"dare:major=0, dare:ancient=2, dare:feature=villa"
Untitled,"monument, villa, bath","An ancient place, cited: BAtlas 33 G2 unnamed unlabeled ((3 monuments, 1 bath))",10.742601,35.277384,R,-30,300,208943018,"dare:feature=villa, dare:major=0, dare:ancient=2"
Untitled,"villa, unlabeled","An ancient place, cited: BAtlas 33 G2 unnamed unlabeled ((3 monuments, 1 bath))",10.841631,35.293832,R,-30,300,208943019,"dare:major=0, dare:ancient=2, dare:feature=villa"
Untitled,"villa, unlabeled","An ancient place, cited: BAtlas 33 G2 unnamed unlabeled ((3 monuments, 1 bath))",10.908013,35.298865,R,-30,300,208943021,"dare:major=0, dare:ancient=2, dare:feature=villa"
Untitled,"villa, unlabeled","An ancient place, cited: BAtlas 33 G2 unnamed unlabeled ((3 monuments, 1 bath))",10.963083,35.42257,R,-30,300,208943022,"dare:major=0, dare:ancient=2, dare:feature=villa"
Untitled,"villa, unlabeled","An ancient place, cited: BAtlas 33 G2 unnamed unlabeled ((3 monuments, 1 bath))",10.872455,35.26454,R,-30,300,208943023,"dare:major=0, dare:ancient=2, dare:feature=villa"
Untitled,"villa, unlabeled","An ancient place, cited: BAtlas 33 G2 unnamed unlabeled ((3 monuments, 1 bath))",10.917027,35.289711,R,-30,300,208943024,"dare:major=0, dare:ancient=2, dare:feature=villa"
Untitled,"villa, unlabeled","An ancient place, cited: BAtlas 33 G2 unnamed unlabeled ((3 monuments, 1 bath))",10.985507,35.212357,R,-30,300,208943025,"dare:major=0, dare:ancient=2, dare:feature=villa"
Untitled,"villa, unlabeled","An ancient place, cited: BAtlas 33 G2 unnamed unlabeled ((3 monuments, 1 bath))",10.982455,35.048133,R,-30,300,208943027,"dare:major=0, dare:ancient=2, dare:feature=villa"
Untitled,"villa, unlabeled","An ancient place, cited: BAtlas 33 E2 unnamed unlabeled ((5 aqueducts, 1 monument))",9.643962,35.313572,R,-30,300,208943038,"dare:major=0, dare:ancient=2, dare:feature=villa"
Untitled,"villa, unlabeled","An ancient place, cited: BAtlas 33 E2 unnamed unlabeled ((5 aqueducts, 1 monument))",9.616854,35.309391,R,-30,300,208943039,"dare:major=0, dare:ancient=2, dare:feature=villa"
Untitled,"villa, unlabeled","An ancient place, cited: BAtlas 33 E2 unnamed unlabeled ((5 aqueducts, 1 monument))",9.500674,35.206525,R,-30,300,208943040,"dare:major=0, dare:ancient=2, dare:feature=villa"
Untitled,"villa, unlabeled","An ancient place, cited: BAtlas 33 E2 unnamed unlabeled ((5 aqueducts, 1 monument))",9.756582,35.202427,R,-30,300,208943046,"dare:major=0, dare:ancient=2, dare:feature=villa"
Untitled,"villa, unlabeled","An ancient place, cited: BAtlas 33 E2 unnamed unlabeled ((5 aqueducts, 1 monument))",9.913378,35.113606,R,-30,300,208943047,"dare:major=0, dare:ancient=2, dare:feature=villa"
Untitled,"villa, unlabeled","An ancient place, cited: BAtlas 33 E2 unnamed unlabeled ((5 aqueducts, 1 monument))",9.908044,35.102738,R,-30,300,208943048,"dare:major=0, dare:ancient=2, dare:feature=villa"
Untitled,"villa, unlabeled","An ancient place, cited: BAtlas 33 E1 unnamed unlabeled ((1 wall, 4 monuments, 3 aqueducts))",9.804073,35.900413,R,-30,300,208943078,"dare:major=0, dare:ancient=2, dare:feature=villa"
Untitled,"villa, unlabeled","An ancient place, cited: BAtlas 33 E1 unnamed unlabeled ((1 wall, 4 monuments, 3 aqueducts))",9.810317,35.844114,R,-30,300,208943079,"dare:major=0, dare:ancient=2, dare:feature=villa"
Untitled,"villa, unlabeled","An ancient place, cited: BAtlas 33 E1 unnamed unlabeled ((1 wall, 4 monuments, 3 aqueducts))",9.817959,35.845946,R,-30,300,208943080,"dare:major=0, dare:ancient=2, dare:feature=villa"
Untitled,"villa, unlabeled","An ancient place, cited: BAtlas 33 E1 unnamed unlabeled ((1 wall, 4 monuments, 3 aqueducts))",9.806229,35.923453,R,-30,300,208943092,"dare:major=0, dare:ancient=2, dare:feature=villa"
Untitled,"villa, unlabeled","An ancient place, cited: BAtlas 33 E1 unnamed unlabeled ((1 wall, 4 monuments, 3 aqueducts))",9.875658,35.988674,R,-30,300,208943093,"dare:major=0, dare:ancient=2, dare:feature=villa"
Untitled,"villa, unlabeled","An ancient place, cited: BAtlas 33 E1 unnamed unlabeled ((1 wall, 4 monuments, 3 aqueducts))",9.953992,35.906718,R,-30,300,208943094,"dare:major=0, dare:ancient=2, dare:feature=villa"
Untitled,"villa, unlabeled","An ancient place, cited: BAtlas 33 E1 unnamed unlabeled ((1 wall, 4 monuments, 3 aqueducts))",9.859252,35.902984,R,-30,300,208943105,"dare:major=0, dare:ancient=2, dare:feature=villa"
Untitled,"villa, unlabeled","An ancient place, cited: BAtlas 33 E1 unnamed unlabeled ((1 wall, 4 monuments, 3 aqueducts))",9.893121,35.872927,R,-30,300,208943106,"dare:major=0, dare:ancient=2, dare:feature=villa"
Untitled,"villa, unlabeled","An ancient place, cited: BAtlas 33 E1 unnamed unlabeled ((1 wall, 4 monuments, 3 aqueducts))",9.674866,35.788457,R,-30,300,208943107,"dare:major=0, dare:ancient=2, dare:feature=villa"
Untitled,"villa, unlabeled","An ancient place, cited: BAtlas 33 E1 unnamed unlabeled ((1 wall, 4 monuments, 3 aqueducts))",9.886119,35.86695,R,-30,300,208943108,"dare:major=0, dare:ancient=2, dare:feature=villa"
Untitled,"villa, unlabeled","An ancient place, cited: BAtlas 33 F1 unnamed unlabeled ((3 cemeteries, 1 monument, 1 wall))",10.498039,35.956983,R,-30,300,208943122,"dare:major=0, dare:ancient=2, dare:feature=villa"
Manfria,villa,"An ancient place, cited: BAtlas 47 E4 Manfria",14.13754,37.099809,ACHR,-750,300,462298,"dare:major=0, dare:ancient=0, dare:feature=villa"
Margi di Giarratana,villa,"An ancient place, cited: BAtlas 47 F4 Margi di Giarratana",14.793723,37.048099,R,-30,300,462300,"dare:major=0, dare:ancient=0, dare:feature=villa"
Matrensa,villa,"An ancient place, cited: BAtlas 47 G4 Matrensa",15.26644,37.037885,R,-30,300,462304,"dare:major=0, dare:ancient=0, dare:feature=villa"
Melita,"settlement, villa",A capital town founded by Carthaginians.,14.4001243,35.8851671,CHRL,-550,640,462310,
Misterbianco,"villa, bath","An ancient place, cited: BAtlas 47 G3 Misterbianco",15.00490705,37.5194447,RL,-30,640,462318,"dare:major=0, dare:ancient=0, dare:feature=villa"
Montevago,villa,"An ancient place, cited: BAtlas 47 C3 Montevago",12.989483,37.702234,HR,-330,300,462370,"dare:major=0, dare:ancient=0, dare:feature=villa"
Muratore di Castellana Sicula,villa,"An ancient place, cited: BAtlas 47 E3 Muratore di Castellana Sicula",14.042973,37.781903,R,-30,300,462377,"dare:major=0, dare:ancient=0, dare:feature=villa"
Ortomosaico di Giarratana,villa,"An ancient place, cited: BAtlas 47 F4 Ortomosaico di Giarratana",14.793736000000001,37.048117,R,-30,300,462401,"dare:major=0, dare:ancient=0, dare:feature=villa"
Piano della Clesia,villa,"An ancient place, cited: BAtlas 47 E4 Piano della Clesia",14.13669,37.485641,R,-30,300,462432,"dare:major=0, dare:ancient=0, dare:feature=villa"
Piano Fontane,villa,"An ancient place, cited: BAtlas 47 E3 Piano Fontane",14.23635,37.983284,R,-30,300,462433,"dare:major=0, dare:ancient=0, dare:feature=villa"
Roman Villa and Medieval Settlement at Piazza Armerina,"settlement, villa","The so-called ""Villa Romana del Casale"" (of Roman date) and the nearby settlement of Piazza Armerina, which seems to have been occupied by survivors from the villa site after it was destroyed in an earthquake in the early middle ages. The villa is listed as a UNESCO World Heritage Site, in part because of its famous mosaics.",14.334722,37.364722,RLM,-30,2100,462435,"latifundium, UWHS"
Priorato,villa,"An ancient place, cited: BAtlas 47 E4 Priorato",14.144968,37.242434,AHR,-750,300,462457,"dare:major=0, dare:ancient=0, dare:feature=villa"
Rocca Stefano,"cemetery, villa","An ancient place, cited: BAtlas 47 D4 Rocca Stefano",13.681019,37.309976,RL,-30,640,462470,"dare:major=0, dare:ancient=0, dare:feature=villa"
S. Luca di Castronuovo,villa,"An ancient place, cited: BAtlas 47 D3 S. Luca di Castronuovo",13.604398,37.679997,HR,-330,300,462477,"dare:major=0, dare:ancient=0, dare:feature=villa"
S. Teresa di Longarini,villa,"An ancient place, cited: BAtlas 47 G4 S. Teresa di Longarini",15.238338,37.006654,R,-30,300,462481,"dare:major=0, dare:ancient=0, dare:feature=villa"
Saraceno di Favara,villa,"An ancient place, cited: BAtlas 47 D4 Saraceno di Favara",13.663132,37.318922,RL,-30,640,462484,"dare:major=0, dare:ancient=0, dare:feature=villa"
Sirignano,villa,"An ancient place, cited: BAtlas 47 B3 Sirignano",12.958049,37.891099,RL,-30,640,462496,"dare:major=0, dare:ancient=0, dare:feature=villa"
Timpone Rasta,villa,"An ancient place, cited: BAtlas 47 B3 Timpone Rasta",12.580732,37.702669,HR,-330,300,462518,"dare:major=0, dare:ancient=0, dare:feature=villa"
Trecastagni,villa,"An ancient place, cited: BAtlas 47 G3 Trecastagni",15.078921,37.619703,R,-30,300,462522,"dare:major=0, dare:ancient=0, dare:feature=villa"
Ventrelli,villa,"An ancient place, cited: BAtlas 47 F4 Ventrelli",14.665722,37.424203,R,-30,300,462532,"dare:major=0, dare:ancient=0, dare:feature=villa"
Alessandria della Rocca,villa,"An ancient place, cited: BAtlas 47 C3 Alessandria della Rocca",13.454222,37.567498,R,-30,300,462089,"dare:major=0, dare:ancient=0, dare:feature=villa"
Alia,villa,"An ancient place, cited: BAtlas 47 D3 Alia",13.7075572,37.7760341,RL,-30,640,462090,
Annunziata di Mascali,villa,"An ancient place, cited: BAtlas 47 G3 Annunziata di Mascali",15.19601,37.757489,R,-30,300,462095,"dare:major=0, dare:feature=villa, extant remains, dare:ancient=0, Mosaic"
Bella Cortina,villa,"An ancient place, cited: BAtlas 47 F3 Bella Cortina",14.875736,37.58124,R,-30,300,462111,"dare:major=0, dare:ancient=0, dare:feature=villa"
Biancavilla,villa,"An ancient place, cited: BAtlas 47 F3 Biancavilla",14.867982,37.646261,R,-30,300,462112,"dare:major=0, dare:ancient=0, dare:feature=villa"
Borgellusa di Avola,villa,"An ancient place, cited: BAtlas 47 G5 Borgellusa di Avola",15.14518,36.91438365,R,-30,300,462115,"dare:major=0, dare:ancient=0, dare:feature=villa"
Buonfornello,villa,"An ancient place, cited: BAtlas 47 D3 Buonfornello",13.824059,37.973916,R,-30,300,462119,"dare:major=0, dare:ancient=0, dare:feature=villa"
Tellaro Roman Villa (Caddeddi),villa,An Imperial Roman villa at Caddeddi on the Tellaro river in Sicily with elaborate floor mosaics.,15.0784713,36.8359248,RL,-30,640,462122,"dare:major=0, dare:feature=villa, extant remains, dare:ancient=0, mosaics"
Canale di Naro,villa,"An ancient place, cited: BAtlas 47 D4 Canale di Naro",13.795185,37.294766,R,-30,300,462128,"dare:major=0, dare:ancient=0, dare:feature=villa"
Casalotto,villa,"An ancient place, cited: BAtlas 47 G3 Casalotto",15.150544,37.580758,R,-30,300,462135,"dare:major=0, dare:ancient=0, dare:feature=villa"
Castellito di Ramacca,villa,"An ancient place, cited: BAtlas 47 F4 Castellito di Ramacca",14.693454,37.385182,R,-30,300,462139,"dare:major=0, dare:ancient=0, dare:feature=villa"
Saltus Sorothensis,villa,"An ancient place, cited: BAtlas 34 F2 Saltus Sorothensis",7.247124,35.948705,RL,-30,640,334617,"dare:ancient=1, dare:major=0, dare:feature=villa"
Bir Cuca,villa,"An ancient place, cited: BAtlas 35 E2 Bir Cuca",12.979461,32.426638,RL,-30,640,344318,"dare:major=0, dare:ancient=0, dare:feature=villa"
Bir el-Uaar,villa,"An ancient place, cited: BAtlas 35 F2 Bir el-Uaar",13.320288,32.051054,RL,-30,640,344320,"dare:major=0, dare:ancient=0, dare:feature=villa"
Bir esc-Scedeua,villa,"An ancient place, cited: BAtlas 35 F3 Bir esc-Scedeua",13.450007,31.283322,RL,-30,640,344322,"dare:major=0, dare:ancient=0, dare:feature=villa"
Bir Gebira,villa,"An ancient place, cited: BAtlas 35 G3 Bir Gebira",14.51665,31.74994,RL,-30,640,344323,"dare:major=0, dare:ancient=0, dare:feature=villa"
Cercar,"settlement, villa","An ancient place, cited: BAtlas 35 F2 Cercar",13.616663,32.466662,RRL,-30,640,344336,"dare:ancient=1, dare:major=0, dare:feature=villa"
Gargaresc,villa,"An ancient place, cited: BAtlas 35 F2 Gargaresc",13.079754,32.854316,CHRL,-550,640,344360,"dare:major=0, dare:ancient=0, dare:feature=villa"
Gasr en-Naggazza,villa,"An ancient place, cited: BAtlas 35 F3 Gasr en-Naggazza",13.260814,31.356634,RL,-30,640,344366,"dare:major=0, dare:ancient=0, dare:feature=villa"
Gasr Leb'r,villa,"An ancient place, cited: BAtlas 35 G3 Gasr Leb'r",14.151225,31.664497,RL,-30,640,344368,"dare:major=0, dare:ancient=0, dare:feature=villa"
Graret D'nar Salem,villa,"An ancient place, cited: BAtlas 35 F2 Graret D'nar Salem",13.814673,32.00016,RL,-30,640,344385,"dare:major=0, dare:ancient=0, dare:feature=villa"
Gurgi,villa,"An ancient place, cited: BAtlas 35 F2 Gurgi",13.15,32.866663,HRL,-330,640,344387,"dare:major=0, dare:ancient=0, dare:feature=villa"
Henchir Bu Hamed,villa,"An ancient place, cited: BAtlas 35 C1 Henchir Bu Hamed",10.738368,33.29699,R,-30,300,344391,"dare:major=0, dare:ancient=0, dare:feature=villa"
Henchir Chenah,villa,"An ancient place, cited: BAtlas 35 B1 Henchir Chenah",9.543613,34.016046,RL,-30,640,344392,"dare:major=0, dare:ancient=0, dare:feature=villa"
Henchir es-Sedd,villa,"An ancient place, cited: BAtlas 35 C1 Henchir es-Sedd",10.519678,33.219149,RL,-30,640,344394,"dare:major=0, dare:ancient=0, dare:feature=villa"
Henchir Fesguia,villa,"An ancient place, cited: BAtlas 35 C1 Henchir Fesguia",11.434629,33.133431,RL,-30,640,344395,"dare:major=0, dare:ancient=0, dare:feature=villa"
Henchir Goret Zid,villa,"An ancient place, cited: BAtlas 35 C1 Henchir Goret Zid",10.589614,33.275333,RL,-30,640,344396,"dare:major=0, dare:ancient=0, dare:feature=villa"
Henchir Hadjer,villa,"An ancient place, cited: BAtlas 35 C1 Henchir Hadjer",10.438327,33.268157,RL,-30,640,344397,"dare:major=0, dare:ancient=0, dare:feature=villa"
Henchir Medina,villa,"An ancient place, cited: BAtlas 35 C1 Henchir Medina",10.8550565,33.8772505,HR,-330,300,344400,"dare:major=0, dare:ancient=0, dare:feature=villa"
Henchir Sidi Hamdan,villa,"An ancient place, cited: BAtlas 35 G2 Henchir Sidi Hamdan",13.994289,32.371678,RL,-30,640,344403,"dare:major=0, dare:ancient=0, dare:feature=villa"
Henchir Soffit,villa,"An ancient place, cited: BAtlas 35 E2 Henchir Soffit",12.615548,32.07029,RL,-30,640,344406,"dare:major=0, dare:ancient=0, dare:feature=villa"
Henchir Taglissi,villa,"An ancient place, cited: BAtlas 35 F2 Henchir Taglissi",13.083053,32.065701,RL,-30,640,344407,"dare:major=0, dare:ancient=0, dare:feature=villa"
"Ancient Villa at Homs, Libya",villa,Ancient name unknown.,14.264547,32.650737,HR,-330,300,344409,"dare:major=0, dare:ancient=0, dare:feature=villa"
Ksar Chouline,villa,"An ancient place, cited: BAtlas 35 C2 Ksar Chouline",10.453386,32.930106,RL,-30,640,344416,"dare:major=0, dare:ancient=0, dare:feature=villa"
Ksar Koutine,villa,"An ancient place, cited: BAtlas 35 C1 Ksar Koutine",10.426004,33.470129,RL,-30,640,344417,"dare:major=0, dare:ancient=0, dare:feature=villa"
Limagues,villa,"An ancient place, cited: BAtlas 35 B1 Limagues",9.079211,33.767496,RL,-30,640,344423,"dare:major=0, dare:ancient=0, dare:feature=villa"
Mellaha,villa,"An ancient place, cited: BAtlas 35 F2 Mellaha",13.283328,32.899985,HR,-330,300,344438,"dare:major=0, dare:ancient=0, dare:feature=villa"
Mselliten,"villa, temple","An ancient place, cited: BAtlas 35 G3 Mselliten",14.313087,31.8398415,RL,-30,640,344446,"dare:major=0, dare:ancient=0, dare:feature=villa"
Ras el-Oued Gordab,villa,"An ancient place, cited: BAtlas 35 C1 Ras el-Oued Gordab",10.491745,33.033284,RL,-30,640,344471,"dare:major=0, dare:ancient=0, dare:feature=villa"
Scemech,villa,"An ancient place, cited: BAtlas 35 F3 Scemech",13.968777,31.394839,RL,-30,640,344478,"dare:major=0, dare:ancient=0, dare:feature=villa"
Senam Semana,villa,"An ancient place, cited: BAtlas 35 F2 Senam Semana",13.787491,32.641755,RL,-30,640,344480,"dare:major=0, dare:ancient=0, dare:feature=villa"
Sidi Sames,villa,"An ancient place, cited: BAtlas 35 F2 Sidi Sames",13.033593,32.266167,RL,-30,640,344482,"dare:major=0, dare:ancient=0, dare:feature=villa"
Silin,villa,"An ancient place, cited: BAtlas 35 G2 Silin",14.136202,32.711621,RRL,-30,640,344483,"dare:major=0, dare:ancient=0, dare:feature=villa"
Snemat,villa,"An ancient place, cited: BAtlas 35 G3 Snemat",14.611096999999999,31.746084,RL,-30,640,344486,"dare:major=0, dare:ancient=0, dare:feature=villa"
Tagiura,villa,"An ancient place, cited: BAtlas 35 F2 Tagiura",13.350285,32.881663,RL,-30,640,344497,"dare:major=0, dare:ancient=0, dare:feature=villa"
Temassine,villa,"An ancient place, cited: BAtlas 35 B1 Temassine",9.517549,33.783499,RL,-30,640,344504,"dare:major=0, dare:ancient=0, dare:feature=villa"
Turris ad Algam,villa,"An ancient place, cited: BAtlas 35 F2 Turris ad Algam",13.321085,32.8142475,RL,-30,640,344524,"dare:ancient=1, dare:major=0, dare:feature=villa"
Turris Maniliorum Arelliorum,villa,"An ancient place, cited: BAtlas 35 C1 Turris Maniliorum Arelliorum",10.090502,33.47634,RL,-30,640,344525,"dare:ancient=1, dare:major=0, dare:feature=villa"
Villa Aniciorum,villa,"An ancient place, cited: BAtlas 35 F2 Villa Aniciorum",13.59973,32.789705,R,-30,300,344533,"dare:ancient=1, dare:major=0, dare:feature=villa"
Villa Fulgurita,villa,"An ancient place, cited: BAtlas 35 C1 Villa Fulgurita",10.344649,33.658705,R,-30,300,344535,"dare:ancient=1, dare:major=0, dare:feature=villa"
Villa Magna,villa,"An ancient place, cited: BAtlas 35 D1 Villa Magna",11.216424,33.181823,R,-30,300,344536,"dare:ancient=1, dare:major=0, dare:feature=villa"
Wadi Ajdab,villa,"An ancient place, cited: BAtlas 35 F3 Wadi Ajdab",13.173982,31.887793,RL,-30,640,344542,"dare:major=0, dare:ancient=0, dare:feature=villa"
Wadi el-Amud,villa,"An ancient place, cited: BAtlas 35 F3 Wadi el-Amud",13.27312,31.075342,RL,-30,640,344545,"dare:major=0, dare:ancient=0, dare:feature=villa"
Villa near Wadi Ghirza,villa,An ancient villa near the Wadi Ghirza,14.493068,30.931884,RL,-30,640,344546,"dare:major=0, dare:ancient=0, dare:feature=villa"
Wadi Gobbeen,villa,"An ancient place, cited: BAtlas 35 G3 Wadi Gobbeen",14.21146,31.726323,RL,-30,640,344547,"dare:major=0, dare:ancient=0, dare:feature=villa"
Wadi Khanafes,villa,"An ancient place, cited: BAtlas 35 G3 Wadi Khanafes",14.340061,31.309658,RL,-30,640,344548,"dare:major=0, dare:ancient=0, dare:feature=villa"
Wadi Mansur,villa,"An ancient place, cited: BAtlas 35 G3 Wadi Mansur",14.238914,31.835956,RL,-30,640,344550,"dare:major=0, dare:ancient=0, dare:feature=villa"
Wadi Merdum,villa,"An ancient place, cited: BAtlas 35 F3 Wadi Merdum",13.98979,31.762291,RL,-30,640,344551,"dare:major=0, dare:ancient=0, dare:feature=villa"
Wadi Meseuggi,villa,"An ancient place, cited: BAtlas 35 F3 Wadi Meseuggi",13.75598,31.719527,RL,-30,640,344553,"dare:major=0, dare:ancient=0, dare:feature=villa"
Wadi Mimoun Darragh,villa,"An ancient place, cited: BAtlas 35 G2 Wadi Mimoun Darragh",14.755676,32.051455,RL,-30,640,344555,"dare:major=0, dare:ancient=0, dare:feature=villa"
Wadi Mimoun,villa,"An ancient place, cited: BAtlas 35 G3 Wadi Mimoun",14.154783,31.6577605,RL,-30,640,344556,"dare:major=0, dare:ancient=0, dare:feature=villa"
Wadi N'f'd,villa,Wadi Nafed or Nefed,14.573526,31.377684,RL,-30,640,344557,"dare:major=0, dare:ancient=0, dare:feature=villa"
Wadi Sasu,villa,"An ancient place, cited: BAtlas 35 G2 Wadi Sasu",14.943099,32.134528,RL,-30,640,344559,"dare:major=0, dare:ancient=0, dare:feature=villa"
Wadi Scetaf,"cemetery, villa","An ancient place, cited: BAtlas 35 G3 Wadi Scetaf",14.5665795,31.14741,RL,-30,640,344560,"dare:major=0, dare:ancient=0, dare:feature=villa"
Wadi Sofeggin,villa,"An ancient place, cited: BAtlas 35 F3 Wadi Sofeggin",15.116631,31.899553,RL,-30,640,344561,"dare:major=0, dare:ancient=0, dare:feature=villa"
Wadi Tessa,villa,"An ancient place, cited: BAtlas 35 G3 Wadi Tessa",14.502068,31.117378,RL,-30,640,344564,"dare:major=0, dare:ancient=0, dare:feature=villa"
Wadi Umm el-Kharab,villa,"An ancient place, cited: BAtlas 35 G3 Wadi Umm el-Kharab",15.29978,31.316391,RL,-30,640,344566,"dare:major=0, dare:ancient=0, dare:feature=villa"
Zliten,villa,"An ancient place, cited: BAtlas 35 G2 Zliten",14.571072,32.473033,RL,-30,640,344573,"dare:major=0, dare:ancient=0, dare:feature=villa"
Cignana,villa,"An ancient place, cited: BAtlas 47 D4 Cignana",13.736219,37.205014,RL,-30,640,462161,"dare:major=0, dare:ancient=0, dare:feature=villa"
Cozzo Cicirello,villa,"An ancient place, cited: BAtlas 47 E4 Cozzo Cicirello",14.405837,37.016817,RL,-30,640,462169,"dare:major=0, dare:ancient=0, dare:feature=villa"
Cusumano,villa,"An ancient place, cited: BAtlas 47 C3 Cusumano",13.010956,37.759462,R,-30,300,462176,"dare:major=0, dare:ancient=0, dare:feature=villa"
Durrueli di Realmonte,villa,"An ancient place, cited: BAtlas 47 C4 Durrueli di Realmonte",13.462829,37.310327,RR,-30,640,462188,"dare:major=0, dare:ancient=0, dare:feature=villa"
Geraci,villa,"An ancient place, cited: BAtlas 47 E4 Geraci",14.279573,37.567639,R,-30,300,462217,"dare:major=0, dare:ancient=0, dare:feature=villa"
Carrascona,villa,"An ancient place, cited: BAtlas 26 E5 Carrascona",-5.980893,36.974787,RL,-30,640,256061,"dare:major=0, dare:ancient=0, dare:feature=villa"
Castelo da Amendoeira,villa,"An ancient place, cited: BAtlas 26 B4 Castelo da Amendoeira",-8.126842,37.715678,RL,-30,640,256072,"dare:major=0, dare:ancient=0, dare:feature=villa"
Castelo da Chaminé,villa,"An ancient place, cited: BAtlas 26 B4 Castelo da Chaminé",-8.081906,37.697634,R,-30,300,256073,"dare:major=0, dare:ancient=0, dare:feature=villa"
Castelo das Juntas,villa,"An ancient place, cited: BAtlas 26 C4 Castelo das Juntas",-8.016159,37.77126,HR,-330,300,256076,"dare:major=0, dare:ancient=0, dare:feature=villa"
Cerro da Vila,villa,"Cerro da Vila, the ruins of a Roman villa in the Algarve region of southern Portugal.",-8.1207444,37.0801249,RL,-30,640,256092,"dare:major=0, dare:ancient=0, dare:feature=villa"
Cerro de los Mártires,villa,"An ancient place, cited: BAtlas 26 D5 Cerro de los Mártires",-6.212305,36.437707,RL,-30,640,256095,"dare:major=0, dare:ancient=0, dare:feature=villa"
Cerro del Pescador,villa,"An ancient place, cited: BAtlas 26 E4 Cerro del Pescador",-5.724305,37.641122,RL,-30,640,256096,"dare:major=0, dare:ancient=0, dare:feature=villa"
Cerro dos Namorados,villa,"An ancient place, cited: BAtlas 26 B4 Cerro dos Namorados",-8.081876,37.697662,R,-30,300,256099,"dare:major=0, dare:ancient=0, dare:feature=villa"
Chorrillo,villa,"An ancient place, cited: BAtlas 26 E4 Chorrillo",-5.741071,37.378667,RL,-30,640,256104,"dare:major=0, dare:ancient=0, dare:feature=villa"
Convento de San Francisco,villa,"An ancient place, cited: BAtlas 26 D4 Convento de San Francisco",-6.171317,37.520384,RL,-30,640,256127,"dare:major=0, dare:ancient=0, dare:feature=villa"
Cortijo de Casulillas,villa,"An ancient place, cited: BAtlas 26 E4 Cortijo de Casulillas",-5.533277,37.254707,RL,-30,640,256130,"dare:major=0, dare:ancient=0, dare:feature=villa"
Cortijo de la Cartuja,villa,"An ancient place, cited: BAtlas 26 E4 Cortijo de la Cartuja",-6.007256,37.397954,RL,-30,640,256132,"dare:major=0, dare:ancient=0, dare:feature=villa"
Cortijo del Aceitero,villa,"An ancient place, cited: BAtlas 26 D4 Cortijo del Aceitero",-6.068976,37.451911,RL,-30,640,256133,"dare:major=0, dare:ancient=0, dare:feature=villa"
Cortijo del Alcaide,villa,"An ancient place, cited: BAtlas 26 F4 Cortijo del Alcaide",-4.853688,37.876637,RL,-30,640,256134,"dare:major=0, dare:ancient=0, dare:feature=villa"
Encinajero de los Frailes de San Jerónimo,villa,"An ancient place, cited: BAtlas 26 F4 Encinajero de los Frailes de San Jerónimo",-4.986029,37.80142,RL,-30,640,256156,"dare:major=0, dare:ancient=0, dare:feature=villa"
Ferragudo,villa,"An ancient place, cited: BAtlas 26 B4 Ferragudo",-8.517713,37.124931,R,-30,300,256168,"dare:major=0, dare:ancient=0, dare:feature=villa"
Hacienda de Manguarra y S. José,villa,"An ancient place, cited: BAtlas 26 F5 Hacienda de Manguarra y S. José",-4.643601,36.73473,RL,-30,640,256189,"dare:major=0, dare:ancient=0, dare:feature=villa"
Hacienda del Real Tesoro,villa,"An ancient place, cited: BAtlas 26 E4 Hacienda del Real Tesoro",-5.6177223,37.4886767,RRL,-30,640,256191,"dare:major=0, dare:ancient=0, dare:feature=villa"
Haza de Habares,villa,"An ancient place, cited: BAtlas 26 E4 Haza de Habares",-5.553128,37.409671,RL,-30,640,256194,"dare:major=0, dare:ancient=0, dare:feature=villa"
Haza de las Piedras,villa,"An ancient place, cited: BAtlas 26 D4 Haza de las Piedras",-6.238403,37.379638,RL,-30,640,256195,"dare:major=0, dare:ancient=0, dare:feature=villa"
Haza de la Torre,villa,"An ancient place, cited: BAtlas 26 D5 Haza de la Torre",-6.007773,36.827343,RL,-30,640,256196,"dare:major=0, dare:ancient=0, dare:feature=villa"
Herdade das Reprezas,villa,"An ancient place, cited: BAtlas 26 C3 Herdade das Reprezas",-7.915579,37.996582,R,-30,300,256205,"dare:major=0, dare:ancient=0, dare:feature=villa"
Herdade do Montinho,villa,"An ancient place, cited: BAtlas 26 C4 Herdade do Montinho",-7.689583,37.963096,R,-30,300,256208,"dare:major=0, dare:ancient=0, dare:feature=villa"
La Horadada Piedra,villa,"An ancient place, cited: BAtlas 26 D4 La Horadada Piedra",-6.075402,37.530952,R,-30,300,256211,"dare:major=0, dare:ancient=0, dare:feature=villa"
Huerta Alta,villa,"An ancient place, cited: BAtlas 26 E4 Huerta Alta",-5.61855,37.639704,RL,-30,640,256214,"dare:major=0, dare:ancient=0, dare:feature=villa"
Huerta de Fabiana,villa,"An ancient place, cited: BAtlas 26 E4 Huerta de Fabiana",-5.745374,37.407414,RL,-30,640,256215,"dare:major=0, dare:ancient=0, dare:feature=villa"
Loma de la Viña,villa,"An ancient place, cited: BAtlas 26 D5 Loma de la Viña",-6.012752,36.947667,RL,-30,640,256269,"dare:major=0, dare:ancient=0, dare:feature=villa"
Las Mazmoras,villa,"An ancient place, cited: BAtlas 26 C4 Las Mazmoras",-7.044327,37.953915,RL,-30,640,256290,"dare:major=0, dare:ancient=0, dare:feature=villa"
Milreu,villa,"An ancient place, cited: BAtlas 26 C4 Milreu",-7.904177,37.095164,RL,-30,640,256299,"dare:major=0, dare:ancient=0, dare:feature=villa"
Monte do Manuel Galo,villa,"An ancient place, cited: BAtlas 26 C4 Monte do Manuel Galo",-7.838042,37.545068,HR,-330,300,256306,"dare:major=0, dare:ancient=0, dare:feature=villa"
Montinho das Laranjeiras,villa,"An ancient place, cited: BAtlas 26 C4 Montinho das Laranjeiras",-7.460514,37.404506,R,-30,300,256311,"dare:major=0, dare:ancient=0, dare:feature=villa"
La Muela,villa,"An ancient place, cited: BAtlas 26 F4 La Muela",-4.896284,37.546002,HR,-330,300,256313,"dare:major=0, dare:ancient=0, dare:feature=villa"
Pajares,villa,"An ancient place, cited: BAtlas 26 E4 Pajares",-5.103896,37.249945,HR,-330,300,256353,"dare:major=0, dare:ancient=0, dare:feature=villa"
Pisões,villa,"An ancient place, cited: BAtlas 26 C4 Pisões",-7.9405805,37.9852085,RL,-30,640,256365,"dare:major=0, dare:ancient=0, dare:feature=villa"
Quinta do Marim,villa,"An ancient place, cited: BAtlas 26 C4 Quinta do Marim",-7.8130785,37.036514,RL,-30,640,256391,"dare:major=0, dare:ancient=0, dare:feature=villa"
S. José,villa,"An ancient place, cited: BAtlas 26 E4 S. José",-5.726078,37.189506,HR,-330,300,256426,"dare:major=0, dare:ancient=0, dare:feature=villa"
El Santiscal,villa,"An ancient place, cited: BAtlas 26 E5 El Santiscal",-5.778538,36.763305,R,-30,300,256436,"dare:major=0, dare:ancient=0, dare:feature=villa"
Senhora da Luz,villa,"An ancient place, cited: BAtlas 26 B4 Senhora da Luz",-8.729764,37.086197,R,-30,300,256443,"dare:major=0, dare:ancient=0, dare:feature=villa"
Tanque de Agua,villa,"An ancient place, cited: BAtlas 26 E4 Tanque de Agua",-5.828136,37.202142,RL,-30,640,256465,"dare:major=0, dare:ancient=0, dare:feature=villa"
Torre da Cardeira,villa,"An ancient place, cited: BAtlas 26 C4 Torre da Cardeira",-7.689594,37.963084,RL,-30,640,256475,"dare:major=0, dare:ancient=0, dare:feature=villa"
El Torreón,villa,"An ancient place, cited: BAtlas 26 E4 El Torreón",-5.66767,37.628559,RL,-30,640,256479,"dare:major=0, dare:ancient=0, dare:feature=villa"
Las Torres,villa,"An ancient place, cited: BAtlas 26 F5 Las Torres",-4.993735,36.468528,R,-30,300,256480,"dare:major=0, dare:ancient=0, dare:feature=villa"
Vale de Aguilhão,villa,"An ancient place, cited: BAtlas 26 C4 Vale de Aguilhão",-7.864617,37.94869,RL,-30,640,256506,"dare:major=0, dare:ancient=0, dare:feature=villa"
Vale de Mértola,villa,"An ancient place, cited: BAtlas 26 B4 Vale de Mértola",-8.081917,37.697632,R,-30,300,256507,"dare:major=0, dare:ancient=0, dare:feature=villa"
Villa de Río Verde,villa,"An ancient place, cited: BAtlas 26 F5 Villa de Río Verde",-4.952266,36.498616,RL,-30,640,256519,"dare:major=0, dare:ancient=0, dare:feature=villa"
Villar de Brenes,villa,"An ancient place, cited: BAtlas 26 E4 Villar de Brenes",-5.873083,37.550565,RLMM,-30,2100,256520,"dare:major=0, dare:ancient=0, dare:feature=villa"
El Apero,villa,"An ancient place, cited: BAtlas 27 B4 El Apero",-3.966258,37.722782,RL,-30,640,265800,"dare:major=0, dare:ancient=0, dare:feature=villa"
El Castillet,villa,"An ancient place, cited: BAtlas 27 E4 El Castillet",-0.699805,37.63271,HRL,-330,640,265852,"dare:major=0, dare:ancient=0, dare:feature=villa"
Untitled,"villa, unlabeled","An ancient place, cited: BAtlas 33 F2 unnamed unlabeled ((1 cemetery, 1 monument, 1 aqueduct))",10.228103,35.108438,R,-30,300,208943138,"dare:major=0, dare:ancient=2, dare:feature=villa"
Untitled,"villa, unlabeled","An ancient place, cited: BAtlas 33 F2 unnamed unlabeled ((1 cemetery, 1 monument, 1 aqueduct))",10.023812,35.01151,R,-30,300,208943141,"dare:major=0, dare:ancient=2, dare:feature=villa"
Untitled,"villa, unlabeled","An ancient place, cited: BAtlas 33 F2 unnamed unlabeled ((1 cemetery, 1 monument, 1 aqueduct))",10.035761,35.025982,R,-30,300,208943142,"dare:major=0, dare:ancient=2, dare:feature=villa"
Untitled,"villa, unlabeled","An ancient place, cited: BAtlas 32 F3 unnamed unlabeled ((1 monument))",10.288866,36.573347,R,-30,300,208943246,"dare:major=0, dare:ancient=2, dare:feature=villa"
Untitled,"villa, unlabeled","An ancient place, cited: BAtlas 32 F3 unnamed unlabeled ((1 monument))",10.314513,36.512543,R,-30,300,208943247,"dare:major=0, dare:ancient=2, dare:feature=villa"
Untitled,"villa, unlabeled","An ancient place, cited: BAtlas 32 F3 unnamed unlabeled ((1 monument))",10.096984,36.880746,R,-30,300,208943258,"dare:major=0, dare:ancient=2, dare:feature=villa"
Untitled,"villa, unlabeled","An ancient place, cited: BAtlas 32 F3 unnamed unlabeled ((1 monument))",10.299101,36.537567,R,-30,300,208943259,"dare:major=0, dare:ancient=2, dare:feature=villa"
Untitled,"villa, unlabeled","An ancient place, cited: BAtlas 32 F3 unnamed unlabeled ((1 monument))",10.269223,36.609455,R,-30,300,208943260,"dare:major=0, dare:ancient=2, dare:feature=villa"
Untitled,"villa, unlabeled","An ancient place, cited: BAtlas 32 G3 unnamed unlabeled ((1 bath, 1 cemetery))",10.972123,36.925959,R,-30,300,208943324,"dare:major=0, dare:ancient=2, dare:feature=villa"
Untitled,"villa, unlabeled","An ancient place, cited: BAtlas 32 G3 unnamed unlabeled ((1 bath, 1 cemetery))",10.687441,36.781904,R,-30,300,208943370,"dare:major=0, dare:ancient=2, dare:feature=villa"
Untitled,"villa, unlabeled","An ancient place, cited: BAtlas 32 G3 unnamed unlabeled ((1 bath, 1 cemetery))",10.70018,36.751358,R,-30,300,208943371,"dare:major=0, dare:ancient=2, dare:feature=villa"
Untitled,"villa, unlabeled","An ancient place, cited: BAtlas 32 G3 unnamed unlabeled ((1 bath, 1 cemetery))",10.679439,36.76526,R,-30,300,208943372,"dare:major=0, dare:ancient=2, dare:feature=villa"
Untitled,"villa, unlabeled","An ancient place, cited: BAtlas 32 G3 unnamed unlabeled ((1 bath, 1 cemetery))",10.801129,36.684651,R,-30,300,208943373,"dare:major=0, dare:ancient=2, dare:feature=villa"
Untitled,"villa, unlabeled","An ancient place, cited: BAtlas 31 A3 unnamed unlabeled (settlements)",4.493759,36.879915,RL,-30,640,208943385,"dare:major=0, dare:ancient=2, dare:feature=villa"
Untitled,"villa, unlabeled","An ancient place, cited: BAtlas 33 B3 unnamed unlabeled ((1 monument))",8.22799,34.671617,R,-30,300,208943457,"dare:major=0, dare:ancient=2, dare:feature=villa"
Untitled,"villa, unlabeled","An ancient place, cited: BAtlas 33 B3 unnamed unlabeled ((1 monument))",8.295433,34.721768,R,-30,300,208943458,"dare:major=0, dare:ancient=2, dare:feature=villa"
Untitled,"villa, unlabeled","An ancient place, cited: BAtlas 33 B3 unnamed unlabeled ((1 monument))",8.281116,34.71781,R,-30,300,208943459,"dare:major=0, dare:ancient=2, dare:feature=villa"
Untitled,"villa, unlabeled","An ancient place, cited: BAtlas 33 B3 unnamed unlabeled ((1 monument))",8.279334,34.731594,R,-30,300,208943460,"dare:major=0, dare:ancient=2, dare:feature=villa"
Untitled,"villa, unlabeled","An ancient place, cited: BAtlas 33 B3 unnamed unlabeled ((1 monument))",8.236507,34.617294,R,-30,300,208943461,"dare:major=0, dare:ancient=2, dare:feature=villa"
Untitled,"villa, unlabeled","An ancient place, cited: BAtlas 33 B3 unnamed unlabeled ((1 monument))",8.310487,34.721554,R,-30,300,208943462,"dare:major=0, dare:ancient=2, dare:feature=villa"
Untitled,"villa, unlabeled","An ancient place, cited: BAtlas 33 B3 unnamed unlabeled ((1 monument))",8.011838,34.959829,R,-30,300,208943463,"dare:major=0, dare:ancient=2, dare:feature=villa"
Untitled,"villa, unlabeled","An ancient place, cited: BAtlas 33 B3 unnamed unlabeled ((1 monument))",8.164806,34.670813,R,-30,300,208943464,"dare:major=0, dare:ancient=2, dare:feature=villa"
Untitled,"villa, unlabeled","An ancient place, cited: BAtlas 33 B3 unnamed unlabeled ((1 monument))",8.415058,34.964147,R,-30,300,208943468,"dare:major=0, dare:ancient=2, dare:feature=villa"
Untitled,"villa, unlabeled","An ancient place, cited: BAtlas 33 B3 unnamed unlabeled ((1 monument))",8.387438,34.965038,R,-30,300,208943469,"dare:major=0, dare:ancient=2, dare:feature=villa"
Untitled,"villa, unlabeled","An ancient place, cited: BAtlas 33 B3 unnamed unlabeled ((1 monument))",8.480558,34.730902,R,-30,300,208943470,"dare:major=0, dare:ancient=2, dare:feature=villa"
Untitled,"villa, unlabeled","An ancient place, cited: BAtlas 33 B3 unnamed unlabeled ((1 monument))",8.480981,34.810412,R,-30,300,208943471,"dare:major=0, dare:ancient=2, dare:feature=villa"
Untitled,"villa, unlabeled","An ancient place, cited: BAtlas 33 D2 unnamed unlabeled ((5 monuments))",9.477145,35.346799,R,-30,300,208943487,"dare:major=0, dare:ancient=2, dare:feature=villa"
Untitled,"villa, unlabeled","An ancient place, cited: BAtlas 33 D2 unnamed unlabeled ((5 monuments))",9.342311,35.362542,R,-30,300,208943488,"dare:major=0, dare:ancient=2, dare:feature=villa"
Untitled,"villa, unlabeled","An ancient place, cited: BAtlas 33 D2 unnamed unlabeled ((5 monuments))",9.055823,35.189775,R,-30,300,208943489,"dare:major=0, dare:ancient=2, dare:feature=villa"
Untitled,"villa, unlabeled","An ancient place, cited: BAtlas 33 D2 unnamed unlabeled ((5 monuments))",9.031165,35.117747,R,-30,300,208943490,"dare:major=0, dare:ancient=2, dare:feature=villa"
Untitled,"villa, unlabeled","An ancient place, cited: BAtlas 33 D2 unnamed unlabeled ((5 monuments))",9.03225,35.221276,R,-30,300,208943491,"dare:major=0, dare:ancient=2, dare:feature=villa"
Untitled,"villa, unlabeled","An ancient place, cited: BAtlas 33 D2 unnamed unlabeled ((5 monuments))",9.026953,35.110715,R,-30,300,208943492,"dare:major=0, dare:ancient=2, dare:feature=villa"
Untitled,"villa, unlabeled","An ancient place, cited: BAtlas 33 D2 unnamed unlabeled ((5 monuments))",9.298794,35.094653,R,-30,300,208943494,"dare:major=0, dare:ancient=2, dare:feature=villa"
Untitled,"villa, unlabeled","An ancient place, cited: BAtlas 33 D2 unnamed unlabeled ((5 monuments))",9.269781,35.179754,R,-30,300,208943495,"dare:major=0, dare:ancient=2, dare:feature=villa"
Untitled,"villa, unlabeled","An ancient place, cited: BAtlas 33 D2 unnamed unlabeled ((5 monuments))",9.384386,35.212136,R,-30,300,208943496,"dare:major=0, dare:ancient=2, dare:feature=villa"
Untitled,"villa, unlabeled","An ancient place, cited: BAtlas 33 D2 unnamed unlabeled ((5 monuments))",9.439491,35.325975,R,-30,300,208943497,"dare:major=0, dare:ancient=2, dare:feature=villa"
Untitled,"villa, unlabeled","An ancient place, cited: BAtlas 33 D2 unnamed unlabeled ((5 monuments))",9.267557,35.359027,R,-30,300,208943498,"dare:major=0, dare:ancient=2, dare:feature=villa"
Untitled,"villa, unlabeled","An ancient place, cited: BAtlas 33 D2 unnamed unlabeled ((5 monuments))",9.255381,35.352568,R,-30,300,208943499,"dare:major=0, dare:ancient=2, dare:feature=villa"
Untitled,"villa, unlabeled","An ancient place, cited: BAtlas 33 D2 unnamed unlabeled ((5 monuments))",9.29178,35.3577,R,-30,300,208943500,"dare:major=0, dare:ancient=2, dare:feature=villa"
Untitled,"villa, unlabeled","An ancient place, cited: BAtlas 33 D2 unnamed unlabeled ((5 monuments))",9.382714,35.357243,R,-30,300,208943501,"dare:major=0, dare:ancient=2, dare:feature=villa"
Untitled,"villa, unlabeled","An ancient place, cited: BAtlas 33 D2 unnamed unlabeled ((5 monuments))",9.359337,35.352245,R,-30,300,208943502,"dare:major=0, dare:ancient=2, dare:feature=villa"
Untitled,"villa, unlabeled","An ancient place, cited: BAtlas 33 D2 unnamed unlabeled ((5 monuments))",9.331063,35.423738,R,-30,300,208943503,"dare:major=0, dare:ancient=2, dare:feature=villa"
Untitled,"villa, unlabeled","An ancient place, cited: BAtlas 33 D2 unnamed unlabeled ((5 monuments))",9.278724,35.34679,R,-30,300,208943507,"dare:major=0, dare:ancient=2, dare:feature=villa"
Untitled,"villa, unlabeled","An ancient place, cited: BAtlas 33 D2 unnamed unlabeled ((5 monuments))",9.393677,35.347278,R,-30,300,208943508,"dare:major=0, dare:ancient=2, dare:feature=villa"
Untitled,"villa, unlabeled","An ancient place, cited: BAtlas 33 D2 unnamed unlabeled ((5 monuments))",9.278083,35.196716,R,-30,300,208943509,"dare:major=0, dare:ancient=2, dare:feature=villa"
Untitled,"villa, unlabeled","An ancient place, cited: BAtlas 33 D2 unnamed unlabeled ((5 monuments))",9.31031,35.259481,R,-30,300,208943510,"dare:major=0, dare:ancient=2, dare:feature=villa"
Untitled,"villa, unlabeled","An ancient place, cited: BAtlas 33 D2 unnamed unlabeled ((5 monuments))",9.241618,35.336943,R,-30,300,208943511,"dare:major=0, dare:ancient=2, dare:feature=villa"
Untitled,"villa, unlabeled","An ancient place, cited: BAtlas 33 D2 unnamed unlabeled ((5 monuments))",9.330077,35.237654,R,-30,300,208943512,"dare:major=0, dare:ancient=2, dare:feature=villa"
Untitled,"villa, unlabeled","An ancient place, cited: BAtlas 33 D2 unnamed unlabeled ((5 monuments))",9.376743,35.261631,R,-30,300,208943513,"dare:major=0, dare:ancient=2, dare:feature=villa"
Untitled,"villa, unlabeled","An ancient place, cited: BAtlas 33 D2 unnamed unlabeled ((5 monuments))",9.192009,35.131571,R,-30,300,208943522,"dare:major=0, dare:ancient=2, dare:feature=villa"
Untitled,"villa, unlabeled","An ancient place, cited: BAtlas 33 D2 unnamed unlabeled ((5 monuments))",9.096551,35.126827,R,-30,300,208943523,"dare:major=0, dare:ancient=2, dare:feature=villa"
Untitled,"villa, unlabeled","An ancient place, cited: BAtlas 33 D2 unnamed unlabeled ((5 monuments))",9.124431,35.175119,R,-30,300,208943524,"dare:major=0, dare:ancient=2, dare:feature=villa"
Untitled,"villa, unlabeled","An ancient place, cited: BAtlas 33 D2 unnamed unlabeled ((5 monuments))",9.210715,35.154475,R,-30,300,208943525,"dare:major=0, dare:ancient=2, dare:feature=villa"
Untitled,"villa, unlabeled","An ancient place, cited: BAtlas 33 D2 unnamed unlabeled ((5 monuments))",9.197845,35.168455,R,-30,300,208943526,"dare:major=0, dare:ancient=2, dare:feature=villa"
Untitled,"villa, unlabeled","An ancient place, cited: BAtlas 33 D2 unnamed unlabeled ((5 monuments))",9.237163,35.190018,R,-30,300,208943527,"dare:major=0, dare:ancient=2, dare:feature=villa"
Untitled,"villa, unlabeled","An ancient place, cited: BAtlas 33 D2 unnamed unlabeled ((5 monuments))",9.176366,35.211315,R,-30,300,208943528,"dare:major=0, dare:ancient=2, dare:feature=villa"
Untitled,"villa, unlabeled","An ancient place, cited: BAtlas 33 D2 unnamed unlabeled ((5 monuments))",9.13988,35.208297,R,-30,300,208943529,"dare:major=0, dare:ancient=2, dare:feature=villa"
Untitled,"villa, unlabeled","An ancient place, cited: BAtlas 33 D2 unnamed unlabeled ((5 monuments))",9.191903,35.094111,R,-30,300,208943530,"dare:major=0, dare:ancient=2, dare:feature=villa"
Untitled,"villa, unlabeled","An ancient place, cited: BAtlas 33 D2 unnamed unlabeled ((5 monuments))",9.177922,35.099695,R,-30,300,208943531,"dare:major=0, dare:ancient=2, dare:feature=villa"
Untitled,"villa, unlabeled","An ancient place, cited: BAtlas 33 D2 unnamed unlabeled ((5 monuments))",9.078948,35.264598,R,-30,300,208943541,"dare:major=0, dare:ancient=2, dare:feature=villa"
Untitled,"villa, unlabeled","An ancient place, cited: BAtlas 33 D2 unnamed unlabeled ((5 monuments))",9.1746200000000009,35.302912,R,-30,300,208943542,"dare:major=0, dare:ancient=2, dare:feature=villa"
Untitled,"villa, unlabeled","An ancient place, cited: BAtlas 33 D2 unnamed unlabeled ((5 monuments))",9.187692,35.299348,R,-30,300,208943543,"dare:major=0, dare:ancient=2, dare:feature=villa"
Untitled,"villa, unlabeled","An ancient place, cited: BAtlas 33 D2 unnamed unlabeled ((5 monuments))",9.214833,35.298325,R,-30,300,208943544,"dare:major=0, dare:ancient=2, dare:feature=villa"
Untitled,"villa, unlabeled","An ancient place, cited: BAtlas 33 D2 unnamed unlabeled ((5 monuments))",9.225256,35.307314,R,-30,300,208943545,"dare:major=0, dare:ancient=2, dare:feature=villa"
Untitled,"villa, unlabeled","An ancient place, cited: BAtlas 33 D2 unnamed unlabeled ((5 monuments))",9.11377,35.215406,R,-30,300,208943546,"dare:major=0, dare:ancient=2, dare:feature=villa"
Untitled,"villa, unlabeled","An ancient place, cited: BAtlas 33 D1 unnamed unlabeled ((1 aqueduct, 2 monuments, 2 cemeteries))",9.083199,35.83871,R,-30,300,208943558,"dare:major=0, dare:ancient=2, dare:feature=villa"
Untitled,"villa, unlabeled","An ancient place, cited: BAtlas 33 D1 unnamed unlabeled ((1 aqueduct, 2 monuments, 2 cemeteries))",9.249505,35.716491,R,-30,300,208943560,"dare:major=0, dare:ancient=2, dare:feature=villa"
Untitled,"villa, unlabeled","An ancient place, cited: BAtlas 33 D1 unnamed unlabeled ((1 aqueduct, 2 monuments, 2 cemeteries))",9.127807,35.616971,R,-30,300,208943567,"dare:major=0, dare:ancient=2, dare:feature=villa"
Untitled,"villa, unlabeled","An ancient place, cited: BAtlas 33 D1 unnamed unlabeled ((1 aqueduct, 2 monuments, 2 cemeteries))",9.171263,35.652138,R,-30,300,208943568,"dare:major=0, dare:ancient=2, dare:feature=villa"
Untitled,"villa, unlabeled","An ancient place, cited: BAtlas 33 D1 unnamed unlabeled ((1 aqueduct, 2 monuments, 2 cemeteries))",9.154772,35.584402,R,-30,300,208943569,"dare:major=0, dare:ancient=2, dare:feature=villa"
Untitled,"villa, unlabeled","An ancient place, cited: BAtlas 33 D1 unnamed unlabeled ((1 aqueduct, 2 monuments, 2 cemeteries))",9.229743,35.569058,R,-30,300,208943570,"dare:major=0, dare:ancient=2, dare:feature=villa"
Untitled,"villa, unlabeled","An ancient place, cited: BAtlas 33 C4-D4 unnamed unlabeled ((8 stretches of wall))",8.823738,34.499036,R,-30,300,208943625,"dare:major=0, dare:ancient=2, dare:feature=villa"
Untitled,"villa, unlabeled","An ancient place, cited: BAtlas 31 B3 unnamed unlabeled (settlements)",4.531752,36.881215,RL,-30,640,208943677,"dare:major=0, dare:ancient=2, dare:feature=villa"
Untitled,"villa, unlabeled","An ancient place, cited: BAtlas 33 F3 unnamed unlabeled ((6 monuments, 1 wall, 1 aqueduct))",10.638942,34.799876,R,-30,300,208943704,"dare:major=0, dare:ancient=2, dare:feature=villa"
Untitled,"villa, unlabeled","An ancient place, cited: BAtlas 33 F3 unnamed unlabeled ((6 monuments, 1 wall, 1 aqueduct))",10.009041,34.990574,R,-30,300,208943718,"dare:major=0, dare:ancient=2, dare:feature=villa"
Untitled,"villa, unlabeled","An ancient place, cited: BAtlas 31 E3 unnamed unlabeled (settlements)",6.329222,36.648905,RL,-30,640,208943729,"dare:major=0, dare:ancient=2, dare:feature=villa"
Untitled,"villa, unlabeled","An ancient place, cited: BAtlas 33 H2 unnamed unlabeled ((4 cemeteries))",11.05142,35.301663,R,-30,300,208943744,"dare:major=0, dare:ancient=2, dare:feature=villa"
Untitled,"villa, unlabeled","An ancient place, cited: BAtlas 33 H2 unnamed unlabeled ((4 cemeteries))",11.015073,35.318142,R,-30,300,208943745,"dare:major=0, dare:ancient=2, dare:feature=villa"
Untitled,"villa, unlabeled","An ancient place, cited: BAtlas 33 H2 unnamed unlabeled ((4 cemeteries))",11.026235,35.378603,R,-30,300,208943746,"dare:major=0, dare:ancient=2, dare:feature=villa"
Untitled,"villa, unlabeled","An ancient place, cited: BAtlas 33 H2 unnamed unlabeled ((4 cemeteries))",11.14369,35.239678,R,-30,300,208943748,"dare:major=0, dare:ancient=2, dare:feature=villa"
Untitled,"villa, unlabeled","An ancient place, cited: BAtlas 33 H2 unnamed unlabeled ((4 cemeteries))",11.026676,35.222754,R,-30,300,208943749,"dare:major=0, dare:ancient=2, dare:feature=villa"
Untitled,"villa, unlabeled","An ancient place, cited: BAtlas 33 H2 unnamed unlabeled ((4 cemeteries))",11.050194,35.179779,R,-30,300,208943750,"dare:major=0, dare:ancient=2, dare:feature=villa"
Untitled,"villa, unlabeled","An ancient place, cited: BAtlas 33 H2 unnamed unlabeled ((4 cemeteries))",11.124018,35.250286,R,-30,300,208943751,"dare:major=0, dare:ancient=2, dare:feature=villa"
Untitled,villa,Unlabeled feature captured from the Barrington Atlas,9.905404,33.858758,RL,-30,640,535279843,"dare:major=0, dare:ancient=2, dare:feature=villa"
Untitled,villa,Unlabeled feature captured from the Barrington Atlas,9.988353,33.853018,RL,-30,640,535279844,"dare:major=0, dare:ancient=2, dare:feature=villa"
Ferme Romanette,villa,"An ancient place, cited: BAtlas 34 A2 Ferme Romanette",2.459976,35.314471,R,-30,300,334545,"dare:major=0, dare:ancient=0, dare:feature=villa"
Fundus Thavagalensis,villa,"An ancient place, cited: BAtlas 34 E2 Fundus Thavagalensis",7.888715,35.864336,RL,-30,640,334547,"dare:ancient=1, dare:major=0, dare:feature=villa"
Fundus (Dic)itanus,villa,"An ancient place, cited: BAtlas 33 F1 Fundus (Dic)itanus",10.147576,35.938507,RL,-30,640,324706,"dare:ancient=1, dare:major=0, dare:feature=villa"
Fundus Ver(...),villa,"An ancient place, cited: BAtlas 33 C1 Fundus Ver(...)",8.62168,35.737815,R,-30,300,324707,"dare:ancient=1, dare:major=0, dare:feature=villa"
Henchir-Draa-Ech-Chii,villa,"An ancient place, cited: BAtlas 33 F1 Henchir-Draa-Ech-Chii",10.255803,35.910253,R,-30,300,324720,"dare:major=0, dare:ancient=0, dare:feature=villa"
Henchir-el-Ateuch,villa,"An ancient place, cited: BAtlas 33 B2 Henchir-el-Ateuch",7.987893,35.106317,RL,-30,640,324721,"dare:major=0, dare:ancient=0, dare:feature=villa"
Henchir-et-Touil,villa,"An ancient place, cited: BAtlas 33 C2 Henchir-et-Touil",8.706533,35.015406,RL,-30,640,324740,"dare:major=0, dare:ancient=0, dare:feature=villa"
Henchir-Guemaguen,villa,"An ancient place, cited: BAtlas 33 G2 Henchir-Guemaguen",10.860814,35.180552,R,-30,300,324741,"dare:major=0, dare:ancient=0, dare:feature=villa"
Masticana Fundus,villa,"An ancient place, cited: BAtlas 33 B2 Masticana Fundus",8.437644,35.176459,RL,-30,640,324778,"dare:ancient=1, dare:major=0, dare:feature=villa"
Saltus Massipianus,villa,"An ancient place, cited: BAtlas 33 C1 Saltus Massipianus",8.452689,35.566036,R,-30,300,324806,"dare:ancient=1, dare:major=0, dare:feature=villa"
Untitled,"villa, unlabeled","An ancient place, cited: BAtlas 33 B3 unnamed unlabeled ((1 monument))",8.232036,34.685135,R,-30,300,327673,"dare:major=0, dare:ancient=2, dare:feature=villa"
Untitled,"villa, unlabeled","An ancient place, cited: BAtlas 33 C4-D4 unnamed unlabeled ((8 stretches of wall))",8.865674,34.465407,R,-30,300,327677,"dare:major=0, dare:ancient=2, dare:feature=villa"
Untitled,"villa, unlabeled","An ancient place, cited: BAtlas 33 D1 unnamed unlabeled ((1 aqueduct, 2 monuments, 2 cemeteries))",9.494381,35.561944,R,-30,300,327678,"dare:major=0, dare:ancient=2, dare:feature=villa"
Untitled,"villa, unlabeled","An ancient place, cited: BAtlas 33 D2 unnamed unlabeled ((5 monuments))",9.482386,35.332974,R,-30,300,327679,"dare:major=0, dare:ancient=2, dare:feature=villa"
Untitled,"villa, unlabeled","An ancient place, cited: BAtlas 33 E1 unnamed unlabeled ((1 wall, 4 monuments, 3 aqueducts))",9.746149,35.943354,R,-30,300,327681,"dare:major=0, dare:ancient=2, dare:feature=villa"
Untitled,"villa, unlabeled","An ancient place, cited: BAtlas 33 E2 unnamed unlabeled ((5 aqueducts, 1 monument))",9.505638,35.223703,R,-30,300,327682,"dare:major=0, dare:ancient=2, dare:feature=villa"
Villa near Wadi Ghirza,villa,An ancient villa near the Wadi Ghirza,14.428144,30.809863,RL,-30,640,3445460,"dare:major=0, dare:ancient=0, dare:feature=villa"
Abicada,villa,"An ancient place, cited: BAtlas 26 B4 Abicada",-8.597014,37.151313,RL,-30,640,255948,"dare:major=0, dare:ancient=0, dare:feature=villa"
Amendoal,villa,"An ancient place, cited: BAtlas 26 C4 Amendoal",-7.935138,37.015364,RL,-30,640,255974,"dare:major=0, dare:ancient=0, dare:feature=villa"
La Bobadilla,villa,"An ancient place, cited: BAtlas 26 F4 La Bobadilla",-4.696233,37.041503,HR,-330,300,256026,"dare:major=0, dare:ancient=0, dare:feature=villa"
Boca do Rio,villa,"An ancient place, cited: BAtlas 26 B4 Boca do Rio",-8.8205995,37.07638,RL,-30,640,256027,"dare:major=0, dare:ancient=0, dare:feature=villa"
Las Canteras,villa,"An ancient place, cited: BAtlas 26 E4 Las Canteras",-5.777157,37.385449,RL,-30,640,256050,"dare:major=0, dare:ancient=0, dare:feature=villa"
Villa Fuente Álamo,villa,A Roman villa at Puente Genil in the province of Córdoba in Spain.,-4.72522555214,37.4173251186,RLM,-30,2100,570101218,
Villa near Wadi Ghirza,villa,An ancient villa near the Wadi Ghirza,14.41395,30.796342,R,-30,300,963100978,"dare:major=0, dare:ancient=0, dare:feature=villa"
Unnamed villa,villa,An unnamed villa from the Boreum region,19.612248,30.337114,RL,-30,640,963100979,"dare:major=0, dare:ancient=2, dare:feature=villa"
Unnamed villa,villa,An unnamed villa from the Boreum region,19.560797,30.320737,RL,-30,640,963100980,"dare:major=0, dare:ancient=2, dare:feature=villa"
Unnamed villa,villa,An unnamed villa from the Boreum region,19.723926,30.433596,RL,-30,640,963100981,"dare:major=0, dare:ancient=2, dare:feature=villa"
Unnamed villa,villa,An unnamed villa from the Boreum region,19.657426,30.363952,RL,-30,640,963100982,"dare:major=0, dare:ancient=2, dare:feature=villa"
Unnamed villa,villa,An unnamed villa from the Boreum region,19.78706,30.430717,RL,-30,640,963100983,"dare:major=0, dare:ancient=2, dare:feature=villa"
Unnamed villa,villa,An unnamed villa from the Boreum region,19.770233,30.475195,RL,-30,640,963100984,"dare:major=0, dare:ancient=2, dare:feature=villa"
Unnamed villa,villa,An unnamed villa from the Boreum region,19.716407,30.313994,RL,-30,640,963100985,"dare:major=0, dare:ancient=2, dare:feature=villa"
Unnamed villa,villa,An unnamed villa from the Boreum region,19.798142,30.39611,RL,-30,640,963100986,"dare:major=0, dare:ancient=2, dare:feature=villa"
Place near Taparura,"settlement, villa",Unnamed minor settlement or villa in the territory of the Machounoi,10.687936,34.812933,HR,-330,300,963101045,"dare:major=0, dare:feature=settlement, dare:ancient=2"
